gvkey,fyr,curcdq,fqtr,fyearq,datadate,accliy,acqdisny,acqdisoy,adpacy,amy,aolochy,apalchy,apchy,aqcy,asdisy,asinvy,atochy,autxry,bcefy,bcty,bdiy,capcsty,capfly,capxfiy,capxy,cfbdy,cferey,cflaothy,cfoy,cfpdoy,chechy,chenfdy,cogsy,dcsfdy,dcufdy,dfxay,dispochy,dity,dlcchy,dltisy,dltry,docy,dpcy,dpy,dvpdpy,dvrecy,dvrrey,dvty,dvy,eieacy,eqdivpy,esuby,exresy,exreuy,exrey,fcay,fiaoy,fincfy,finincy,finley,finrey,finvaoy,fopoy,fsrcopoy,fsrcopty,fsrcoy,fsrcty,fuseoy,fusety,gdwlamy,gpy,ibcy,ibkiy,ibmiiy,iby,idity,iirey,iity,intandy,intanpy,intcy,intfacty,intfly,intiacty,intoacty,intpdy,intrcy,invchy,invdspy,invsvcy,iobdy,ioiy,iorey,iptiy,isgty,ivacoy,ivchy,iviy,ivncfy,ivstchy,liqresny,liqresoy,lndepy,lnincy,lnmdy,lnrepy,ltdchy,ltdlchy,ltloy,micy,miiy,miseqy,ncfliqy,neqmiy,nity,noasuby,nopioy,nopiy,oancfcy,oancfdy,oancfy,oiadpy,oibdpy,opprfty,oproy,pcly,piy,pliachy,prosaiy,prstkcy,prvy,psfixy,ptrany,purtshry,pvoy,rawmsmy,recchy,reity,revty,risy,rvy,saley,shrcapy,sivy,spiy,sppchy,sppivy,sstky,stfixay,stinvy,stkchy,subdisy,subpury,tdsgy,txdcy,txopy,txty,txy,wcapchcy,wcapchy,wcapopcy,wcapsay,wcapsuy,wcapsy,wcapty,wcapuy,xagty,xbdty,xcomiy,xcomy,xdvrey,xidocy,xinty,xioy,xiviy,xivrey,xiy,xobdy,xoiy,xoproy,xopry,xorey,xrety,xsgay,xstoy,xsty,xsy,xty,conm
103342,3,GBP,3,2019,2019-12-31,,,,,12.7000,-10.0000,,-326.0500,14.5000,,,,,,,,,,,628.9000,,,-37.5000,,,-399.5000,,2886.1500,,,541.3500,,,,,,,554.0500,554.0500,,,,539.2500,593.5500,-115.5500,,115.5500,,,,,3.4000,-584.4000,,,,,258.0500,,,,,,,,2054.2500,288.4000,,288.4000,241.9000,54.4000,,,,276.3000,,,,,-40.4000,,,115.0500,,,,,,,,-23.9500,,,-722.5500,,,,,,,,285.2500,,,,46.5000,,,,,,-273.4000,-385.7500,,,944.9500,744.0000,1298.0500,,14.0000,,358.2500,,,,,,,284.5500,,,323.4500,,4940.4000,,,4926.4000,,221.1000,-197.8000,,-28.5000,5.0500,,,,,,,,-73.5500,69.8500,,,,102.4500,,,,,,,,,,,,282.3000,,,,-414.3500,,,0.0000,3642.3500,,,756.2000,,12.4000,,,SSE PLC
103342,3,GBP,4,2019,2020-03-31,,,,,26.9000,-3.0000,,-269.2000,29.0000,,,,,,,,,,,814.1000,,,,,,-362.2000,,4254.3000,,,503.1000,,,,,,,530.0000,530.0000,,,,830.3000,649.5000,-153.9000,,153.9000,,,,,3.7000,-650.2000,,,,,668.5000,,,,,,,,2570.7000,466.1000,,466.1000,419.6000,71.7000,,,,396.8000,11.2000,,,,-59.5000,,,122.5000,,,,,,,,-186.2000,,,-1012.2000,,,,,,,,352.1000,,,,46.5000,,,,,,-291.8000,-440.6000,,,1300.2000,1028.2000,1558.2000,,24.4000,,587.6000,,,,,,,366.6000,,,155.0000,,6825.0000,,,6800.6000,,413.9000,-209.7000,,-60.5000,10.1000,,,,,,,,-95.8000,121.5000,,,,5.3000,,,,,,,,,,,,385.6000,,,,-478.6000,,,0.0000,5266.8000,,,1012.5000,,17.9000,,,SSE PLC
103342,3,GBP,1,2020,2020-06-30,,,,,,3.6500,,17.6500,,,,,,,,,,,,153.9000,,,,,,125.7000,,695.4000,,,145.0000,,,,,,,145.0000,145.0000,,,,127.1500,301.6000,-28.4000,,5.8000,,,,,-2.1000,-221.3500,,,,,-34.4500,,,,,,,,736.7500,350.0500,,350.0500,326.7500,20.7500,,,,46.4500,,,,,-34.4000,,,2.1500,,,,,,,,-38.7500,,,-22.5500,,,,,,,,-69.1500,,,,23.3000,,,,,,155.2500,87.0500,,,369.6000,302.6500,447.6500,,23.9500,,389.7000,,,,,,,375.7000,,,137.9000,,1432.1500,,,1408.2000,,216.5500,163.5000,,-179.6000,527.2000,,,,,,,,-9.9500,39.6500,,,,161.3500,,,,,,,,,,,,94.7500,,,,23.0000,,,0.0000,984.5000,,,289.1000,,2.4000,,,SSE PLC
103342,3,GBP,2,2020,2020-09-30,,,,,,7.3000,,35.3000,,,,,,,,,,,,307.8000,,,,,,251.4000,,1390.8000,,,290.0000,,,,,,,290.0000,290.0000,,,,254.3000,603.2000,-56.8000,,11.6000,,,,,-4.2000,-442.7000,,,,,-68.9000,,,,,,,,1473.5000,700.1000,,700.1000,653.5000,41.5000,,,,92.9000,6.1000,,,,-68.8000,,,4.3000,,,,,,,,-77.5000,,,-45.1000,,,,,,,,-138.3000,,,,46.6000,,,,,,310.5000,174.1000,,,739.2000,605.3000,895.3000,,47.9000,,779.4000,,,,,,,751.4000,,,275.8000,,2864.3000,,,2816.4000,,433.1000,327.0000,,-359.2000,1054.4000,,,,,,,,-19.9000,79.3000,,,,322.7000,,,,,,,,,,,,195.6000,,,,46.0000,,,0.0000,1969.0000,,,578.2000,,4.8000,,,SSE PLC
103342,3,GBP,3,2020,2020-12-31,,,,,16.4500,21.7000,,227.6500,,,,,,,,,,,,646.4000,,,0.2500,,,843.7500,,2484.3500,,,406.6500,,,,,,,423.1000,423.1000,,,,676.6500,723.6000,-94.4000,,49.2000,,,,,118.4000,-634.0000,,,,,-34.6500,,,,,,,,2495.3500,1471.0500,,1471.0500,1424.4500,57.5000,,,,142.6000,,,,,-83.2000,,,-33.7000,,,,,,,,-186.9000,,,199.3000,,,,,,,,-329.5500,,,,46.6000,,,,,,700.1500,526.0500,,,1278.2000,1096.8000,1519.9000,,158.3000,,1622.8500,,,,,,,757.1500,,,215.5500,,4979.7000,,,4821.4000,,1175.2000,286.3000,,-793.5500,1057.9000,,,,,,,,-41.3500,151.8000,,,,431.2000,,,,,,,,,,,,280.8000,,,,63.4000,,,0.0000,3459.8000,,,975.4500,,7.3000,,,SSE PLC
103342,3,GBP,4,2020,2021-03-31,,,,,32.9000,36.1000,,420.0000,,,,,,,,,,,,985.0000,,,,,,1435.6000,,3577.9000,,,523.3000,,,,,,,556.2000,556.2000,,,,844.8000,844.0000,-132.0000,,43.4000,,,,,241.0000,-825.3000,,,,,47.9000,,,,,,,,3517.2000,2193.7000,,2193.7000,2147.1000,78.4000,,,,192.3000,14.2000,,,,-97.6000,,,-71.7000,,,,,,,,-296.3000,,,443.7000,,,,,,,,-520.8000,,,,46.6000,,,,,,898.8000,648.5000,,,1817.2000,1769.5000,2325.7000,,268.7000,,2418.0000,,,,,,,762.9000,,,155.3000,,7095.1000,,,6826.4000,,1917.3000,64.4000,,-1227.9000,1061.4000,,,,,,,,-62.8000,224.3000,,,,539.7000,,,,,,,,,,,,386.3000,,,,129.1000,,,0.0000,4769.4000,,,1191.5000,,9.8000,,,SSE PLC
103342,3,GBP,1,2021,2021-06-30,,,,,,3.5000,,21.4500,,,,,,,,,,,,260.0000,,,,,,-683.7500,,409.4500,,,183.5000,,,,,,,183.5000,183.5000,,,,135.9000,156.8500,54.8500,,-14.3000,,,,,0.5000,-564.2000,,,,,-379.9500,,,,,,,,1366.9500,571.9000,,571.9000,546.5500,18.4500,,,,37.1500,,,,,-29.2000,,,6.3500,,,,,,,,-169.0000,,,-463.6500,,,,,,,,-195.2000,,,,25.3500,,,,,,43.5500,-46.3500,,,344.1000,889.4000,1072.9000,,4.6500,,843.0500,,,,,-2.5000,,213.7500,,,-79.5500,,1776.4000,,,1771.7500,,,78.9500,,10.7500,1.1000,,,,,,,,-19.5000,271.1500,,,,-48.2500,,,,,,,,,,,,94.0500,,,,-46.9000,,,0.0000,703.5000,,,294.0500,,2.4000,,,SSE PLC
103342,3,GBP,2,2021,2021-09-30,,,,,,7.0000,,42.9000,,,,,,,,,,,,520.0000,,,,,,-1367.5000,,818.9000,,,367.0000,,,,,,,367.0000,367.0000,,,,271.8000,313.7000,109.7000,,-28.6000,,,,,1.0000,-1128.4000,,,,,-759.9000,,,,,,,,2733.9000,1143.8000,,1143.8000,1093.1000,36.9000,,,,74.3000,11.6000,,,,-58.4000,,,12.7000,,,,,,,,-338.0000,,,-927.3000,,,,,,,,-390.4000,,,,50.7000,,,,,,87.1000,-92.7000,,,688.2000,1778.8000,2145.8000,,9.3000,,1686.1000,,,,,-5.0000,,427.5000,,,-159.1000,,3552.8000,,,3543.5000,,,157.9000,,21.5000,2.2000,,,,,,,,-39.0000,542.3000,,,,-96.5000,,,,,,,,,,,,199.7000,,,,-93.8000,,,0.0000,1407.0000,,,588.1000,,4.8000,,,SSE PLC
103342,3,GBP,3,2021,2021-12-31,,,,,22.7000,34.1500,,293.5500,72.6500,,,,,,,,,,,896.8000,,,,,,-959.2000,,2267.9500,,,456.1500,,,,,,,478.8500,478.8500,,,,593.1000,435.5000,40.5000,,40.6000,,,,,6.1000,-1281.1500,,,,,-1057.6000,,,,,,,,3892.7500,1869.4000,,1869.4000,1818.7000,55.7500,,,,128.2500,,,,,-77.4500,,,-5.8500,,,,,,,,-495.4000,,,-836.1000,,,,,,,,-422.2000,,,,50.7000,,,,,,194.9500,16.3500,,,1158.0500,2564.8500,3043.7000,,40.3500,,2581.2000,,,,,-2.5000,,433.8000,,,-392.3500,,6160.7000,,,6120.3500,,754.5000,229.3000,,40.1000,4.2500,,,,,,,,-65.2500,711.8000,,,,-70.5000,,,,,,,,,,,,274.9500,,,,194.4500,,,0.0000,3117.0000,,,849.0500,,1.3500,,,SSE PLC
103342,3,GBP,4,2021,2022-03-31,,,,,45.4000,61.3000,,538.3000,145.3000,,,,,,,,,,,1273.6000,,,,,,-550.9000,,3501.5000,,,666.1000,,,,,,,711.5000,711.5000,,,,917.8000,557.3000,-28.7000,,109.8000,,,,,11.2000,-1433.9000,,,,,-1474.6000,,,,,,,,5178.1000,2599.4000,,2599.4000,2548.7000,83.0000,,,,182.2000,30.7000,,,,-96.5000,,,-24.4000,,,,,,,,-652.8000,,,-744.9000,,,,,,,,-454.0000,,,,50.7000,,,,,,320.6000,151.6000,,,1627.9000,3330.6000,4042.1000,,71.4000,,3482.2000,,,,,,,440.1000,,,-625.6000,,8679.6000,,,8608.2000,,1509.0000,325.8000,,58.7000,6.3000,,,,,,,,-91.5000,882.8000,,,,-50.4000,,,,,,,,,,,,392.5000,,,,482.7000,,,0.0000,4637.5000,,,1136.0000,,13.2000,,,SSE PLC
103342,3,GBP,1,2022,2022-06-30,,,,,,-20.5500,,128.9000,320.0000,,,30.0000,,,,,,,,310.1000,,,,,,-380.0000,,2895.9500,,,167.1000,,,,,,,167.1000,167.1000,,,,156.6000,179.4500,-107.4500,,107.4500,,,,,1.7500,239.5500,,,,,718.3000,,,,,,,,-35.1000,-194.3000,,-194.3000,-213.7000,25.1000,,,,59.8500,,,,,20.5000,,,-18.2500,,,,,,,,-210.6000,-4.6500,,-875.2000,,,,,,,,12.1500,,,,19.4000,,,,,,206.5500,250.2000,,,255.6500,-505.7000,-338.6000,,46.1500,,-255.5000,,,,,,,10.8500,,,-356.6000,,2860.8500,,,2814.7000,,,109.4500,,-44.5500,415.9500,,,,,,,,-37.4500,-61.2000,,,,-266.5000,,,,,,,,,,,,88.9000,,,,17.5000,,,0.0000,3199.4500,,,303.5000,,0.6000,,,SSE PLC
103342,3,GBP,2,2022,2022-09-30,,,,,,-41.1000,,257.8000,640.0000,,,60.0000,,,,,,,,620.2000,,,,,,-760.0000,,5791.9000,,,334.2000,,,,,,,334.2000,334.2000,,,,313.2000,358.9000,-214.9000,,214.9000,,,,,3.5000,479.1000,,,,,1436.6000,,,,,,,,-70.2000,-388.6000,,-388.6000,-427.4000,50.2000,,,,119.7000,19.9000,,,,41.0000,,,-36.5000,,,,,,,,-421.2000,-9.3000,,-1750.4000,,,,,,,,24.3000,,,,38.8000,,,,,,413.1000,500.4000,,,511.3000,-1011.4000,-677.2000,,92.3000,,-511.0000,,,,,,,21.7000,,,-713.2000,,5721.7000,,,5629.4000,,,218.9000,,-89.1000,831.9000,,,,,,,,-74.9000,-122.4000,,,,-533.0000,,,,,,,,,,,,197.7000,,,,35.0000,,,0.0000,6398.9000,,,607.0000,,1.2000,,,SSE PLC
103342,3,GBP,3,2022,2022-12-31,,,,,27.3000,-28.2000,,212.2500,641.3500,,,30.0000,,,,,,,,1049.9500,,,,,,-458.7500,,8891.0000,,,469.9500,,,,,,,497.2500,497.2500,,,,840.1000,436.0000,-438.6000,,438.6000,,,,,719.4500,896.0000,,,,,1964.3000,,,,,,,,767.2500,-242.1000,,-242.1000,-292.7000,84.7500,,,,228.0500,,,,,68.8000,,,-86.9000,,,,,,,,-483.8500,,,-2357.4000,,,,,,,,-151.7500,,,,50.6000,,,,,,121.3500,357.4500,,,1002.6500,-715.7500,-218.5000,,598.2000,,-358.3000,,,,,,,76.3500,,,-854.6000,,9658.2500,,,9060.0500,,15.8000,-6.3000,,75.5500,840.6500,,,,,,,,-165.1000,-116.2000,,,,-757.4500,,,,,,,,,,,,287.2500,,,,35.0000,,,0.0000,9876.7500,,,985.7500,,,,,SSE PLC
103342,3,GBP,4,2022,2023-03-31,,,,,54.6000,-15.3000,,166.7000,642.7000,,,,,,,,,,,1479.7000,,,,,,-157.5000,,11990.1000,,,605.7000,,,,,,,660.3000,660.3000,,,,1051.3000,513.1000,-662.3000,,662.3000,,,,,1435.4000,1312.9000,,,,,2492.0000,,,,,,,,1515.6000,-95.6000,,-95.6000,-158.0000,119.1000,,,,336.4000,44.0000,,,,96.6000,,,-137.3000,,,,,,,,-546.5000,,,-2964.4000,,,,,,,,-327.8000,,,,62.4000,,,,,,-30.2000,354.5000,,,1494.0000,-560.1000,100.2000,,1015.0000,,-205.6000,,,,,,,131.0000,,,-996.0000,,13505.7000,,,12490.7000,,40.9000,-141.1000,,240.2000,849.4000,,,,,,,,-255.3000,-110.0000,,,,-981.9000,,,,,,,,,,,,440.7000,,,,35.0000,,,0.0000,13405.5000,,,1415.4000,,2.5000,,,SSE PLC
103342,3,GBP,1,2023,2023-06-30,,,,,,-8.4000,,18.3000,,,,,,,,,,,,424.0000,,,,,,5.3000,,1477.3000,,,140.2000,,,,,,,140.2000,140.2000,,,,109.1500,390.7000,7.4500,,-7.4500,,,,,0.9500,-417.1000,,,,,92.9500,,,,,,,,926.1000,229.7000,,229.7000,204.1000,45.5000,,,,114.3000,,,,,28.8000,,,70.6000,,,,,,,,-53.8000,,,-592.1000,,,,,,,,-17.7000,,,,25.6000,,,,,,-68.7000,-117.5500,,,1014.5000,425.2000,565.4000,,8.1500,,307.6500,,,,,,,9.8500,,,466.4500,,2403.4000,,,2395.2500,,,-56.7500,,31.6000,0.2000,,,,,,,,-63.1500,77.9500,,,,546.9500,,,,,,,,,,,,86.9000,,,,,,,0.0000,1838.0000,,,360.7000,,,,,SSE PLC
103342,3,GBP,2,2023,2023-09-30,,,,,,-16.8000,,36.6000,,,,,,,,,,,,848.0000,,,,,,10.6000,,3018.3000,,,280.4000,,,,,,,280.4000,280.4000,,,,,781.4000,-6.8000,,6.8000,,,,,1.9000,-834.2000,,,,,233.7000,,,,,,,,1772.2000,433.3000,,433.3000,309.0000,91.0000,,,,228.6000,30.0000,,,,57.6000,,,141.2000,,,,,,,,-107.6000,,,-1184.2000,,,,,,,,-35.4000,,,,124.3000,,,,,,-48.3000,-124.3000,,,2029.0000,697.6000,978.0000,,,,573.3000,,,,,,,19.7000,,,932.9000,,4790.5000,,,4790.5000,,,-24.6000,,63.2000,0.4000,,,,,,,,-126.3000,140.0000,,,,1093.9000,,,,,,,,,,,,203.8000,,,,,,,72.8000,3812.5000,,,721.4000,,,,,SSE PLC
103342,3,GBP,3,2023,2023-12-31,,,,,31.6500,-25.3500,,139.8000,21.4500,,,,,,,,,,,1409.1500,,,,,,77.3500,,4216.7000,,,454.5000,,,,,,,486.1500,486.1500,,,,328.4000,886.1500,-60.4500,,60.4500,,,,,4.1500,-845.9000,,,,,340.5000,,,,,,,,3429.1000,1158.8500,,1158.8500,1009.7500,131.8000,,,,385.4000,,,,,107.1500,,,90.4000,,,,,,,,-212.9000,,,-2021.2500,,,,,,,,52.0500,,,,149.1000,,,,,,-218.5000,-272.3000,,,2944.5000,1806.5000,2292.6500,,21.9500,,1534.2000,,,,,,,20.7500,,,848.0000,,7645.8000,,,7623.8500,,7.6500,-145.3000,,95.5000,4.8000,,,,,,,,-236.0500,375.3500,,,,1052.8500,,,,,,,,,,,,246.0500,,,,,,,0.0000,5353.1500,,,1136.4500,,,,,SSE PLC
103342,3,GBP,4,2023,2024-03-31,,,,,63.3000,-33.9000,,243.0000,42.9000,,,,,,,,,,,1970.3000,,,,,,144.1000,,5415.1000,,,628.6000,,,,,,,691.9000,691.9000,,,,656.8000,990.9000,-114.1000,,114.1000,,,,,6.4000,-857.6000,,,,,447.3000,,,,,,,,5158.8000,1884.4000,,1884.4000,1710.5000,172.6000,,,,542.2000,84.4000,,,,156.7000,,,39.6000,,,,,,,,-318.2000,,,-2858.3000,,,,,,,,139.5000,,,,173.9000,,,,,,-388.7000,-420.3000,,,3860.0000,2915.4000,3607.3000,,116.7000,,2495.1000,,,,,,,21.8000,,,763.1000,,10573.9000,,,10457.2000,,15.3000,-266.0000,,127.8000,9.2000,,,,,,,,-345.8000,610.7000,,,,1011.8000,,,,,,,,,,,,402.7000,,,,,,,0.0000,6966.6000,,,1551.5000,,,,,SSE PLC
103342,3,GBP,1,2024,2024-06-30,,,,,,-4.7500,,-95.8500,,,,,,,,,,,,568.5500,,,,,,-72.5500,,1145.5000,,,184.3500,,,,,,,184.3500,184.3500,,,,,142.7500,12.5000,,-12.5000,,,,,0.1500,135.6000,,,,,82.0500,,,,,,,,1088.0000,316.3000,,316.3000,297.9000,43.8000,,,,100.0500,,,,,27.6500,,,5.6500,,,,,,,,-85.3000,,,-745.6500,,,,,,,,278.9500,,,,18.4000,,,,,,-23.8500,-67.6000,,,537.5000,490.5500,674.9000,,3.8500,,422.9500,,,,,,,1.1000,,,81.1000,,2233.5000,,,2229.6500,,8.2500,-10.8000,,,0.3500,,,,,,,,-71.5000,106.6500,,,,-13.8500,,,,,,,,,,,,75.0500,,,,,,,0.0000,1558.6000,,,413.1000,,2.3000,,,SSE PLC
103342,3,GBP,2,2024,2024-09-30,,,,,,-9.5000,,-191.7000,,,,,,,,,,,,1137.1000,,,,,,-145.1000,,2291.0000,,,368.7000,,,,,,,368.7000,368.7000,,,,,285.5000,25.0000,,-25.0000,,,,,0.3000,271.2000,,,,,164.1000,,,,,,,,2176.0000,632.6000,,632.6000,595.8000,87.6000,,,,200.1000,48.7000,,,,55.3000,,,11.3000,,,,,,,,-170.6000,,,-1491.3000,,,,,,,,557.9000,,,,36.8000,,,,,,-47.7000,-135.2000,,,1075.0000,981.1000,1349.8000,,7.7000,,845.9000,,,,,,,2.2000,,,162.2000,,4467.0000,,,4459.3000,,16.5000,-21.6000,,,0.7000,,,,,,,,-143.0000,213.3000,,,,-27.7000,,,,,,,,,,,,198.8000,,,,,,,0.0000,3117.2000,,,826.2000,,4.6000,,,SSE PLC
225094,12,EUR,4,2019,2019-12-31,,,,,60.0000,-65.0000,,702.0000,3.0000,,,,,,,,,,,451.0000,,,,,,-30.0000,,9992.0000,,,334.0000,,,,,,,546.0000,394.0000,,,,207.0000,197.0000,-3.0000,,3.0000,,,5.0000,,,-367.0000,,,,,287.0000,,,,,,,,2155.0000,700.0000,,700.0000,704.0000,39.0000,,,,325.0000,,,,,-20.0000,,,-1201.0000,,,,,,,,,,,-491.0000,,,,,,,,31.0000,,,,-4.0000,,,,,,-90.0000,-95.0000,,,823.0000,1004.0000,1398.0000,,,,909.0000,,,,,-4.0000,,201.0000,,,127.0000,,12147.0000,,,12147.0000,,284.0000,,,1.0000,,,,,,,,,-251.0000,209.0000,,,,-437.0000,,,,,,,,,,,,47.0000,,,,,,,268.0000,10749.0000,,,489.0000,,1599.0000,,,VESTAS WIND SYSTEMS A/S
225094,12,EUR,1,2020,2020-03-31,,,,,,,,,,,,,,,,,,,,90.0000,,,,,,-923.0000,,1925.0000,,,151.0000,,,,,,,151.0000,151.0000,,,,,,,,7.0000,,,,,,42.0000,,,,,-37.0000,,,,,,,,310.0000,-80.0000,,-80.0000,-75.0000,,,,,70.0000,,,,,-12.0000,,,,,,,,,,,,,,-159.0000,,,,,,,,42.0000,,,,-5.0000,,,,,,-58.0000,-53.0000,,,-760.0000,-54.0000,97.0000,,,,-107.0000,,,,,,,,,,,,2235.0000,,,2235.0000,,1.0000,-58.0000,,,,,,,,,,,-107.0000,-27.0000,,,,,,,,,,,,,,,,2.0000,,,,,,,72.0000,2138.0000,,,141.0000,,,,,VESTAS WIND SYSTEMS A/S
225094,12,EUR,2,2020,2020-06-30,,,,,,-920.0000,,,,,,,,,,,,,,171.0000,,,,,,-1021.0000,,4909.0000,,,305.0000,,,,,,,305.0000,305.0000,,,,,208.0000,,,1.0000,,,-50.0000,,,-148.0000,,,,,148.0000,,,,,,,,867.0000,-85.0000,,-85.0000,-82.0000,,,,,146.0000,,,,,-13.0000,,,,,,,,,,,,,,-114.0000,,,,,,,,60.0000,,,,-3.0000,,,,,,-233.0000,-269.0000,,,-709.0000,155.0000,460.0000,,,,-114.0000,,,,,,,,,,,,5776.0000,,,5776.0000,,203.0000,-233.0000,,,,,,,,,,,-144.0000,-29.0000,,,,-920.0000,,,,,,,,,,,,37.0000,,,,,,,136.0000,5316.0000,,,271.0000,,,,,VESTAS WIND SYSTEMS A/S
225094,12,EUR,3,2020,2020-09-30,,,,,,-843.0000,,,,,,,,,,,,,,255.0000,,,,,,-536.0000,,8904.0000,,,468.0000,,,,,,,468.0000,468.0000,,,,,208.0000,,,2.0000,,,-73.0000,,,-186.0000,,,,,341.0000,,,,,,,,1642.0000,205.0000,,205.0000,202.0000,,,,,203.0000,,,,,-15.0000,,,,,,,,,,,,,,-256.0000,,,,,,,,22.0000,,,,3.0000,,,,,,-227.0000,-290.0000,,,-21.0000,567.0000,1035.0000,,,,277.0000,,,,,,,,,,,,10546.0000,,,10546.0000,,202.0000,-227.0000,,,,,,,,,,,-177.0000,72.0000,,,,-843.0000,,,,,,,,,,,,65.0000,,,,,,,203.0000,9511.0000,,,404.0000,,,,,VESTAS WIND SYSTEMS A/S
225094,12,EUR,4,2020,2020-12-31,,,,,78.0000,-144.0000,,199.0000,-218.0000,,,,,,,,,,,379.0000,,,,,,175.0000,,12808.0000,,,384.0000,,,,,,,630.0000,462.0000,,,,228.0000,209.0000,52.0000,,331.0000,,,-67.0000,,,-234.0000,,,,,495.0000,,,,,,,,2011.0000,771.0000,,771.0000,765.0000,16.0000,,,,309.0000,,,,,-24.0000,,,200.0000,,,,,,,,,,,-267.0000,,,,,,,,-25.0000,,,,6.0000,,,,,,-134.0000,173.0000,,,743.0000,761.0000,1223.0000,,,,934.0000,,,,,-1.0000,,,,,-843.0000,,14819.0000,,,14819.0000,,202.0000,-63.0000,,-374.0000,,,,,,,,,-219.0000,163.0000,,,,-588.0000,,,,,,,,,,,,40.0000,,,,,,,265.0000,13596.0000,,,523.0000,,1502.0000,,,VESTAS WIND SYSTEMS A/S
225094,12,EUR,1,2021,2021-03-31,,,,,,-753.0000,,,,,,,,,,,,,,79.0000,,,,,,-1386.0000,,1566.0000,,,207.0000,,,,,,,207.0000,207.0000,,,,,,,,12.0000,,,13.0000,,,-309.0000,,,,,-63.0000,,,,,,,,396.0000,-57.0000,,-57.0000,-61.0000,,,,,87.0000,,,,,-17.0000,,,,,,,,,,,,-178.0000,,-344.0000,,,,,,,,-309.0000,,,,4.0000,,,,,,,-6.0000,,,-746.0000,-71.0000,136.0000,,,,-77.0000,,,,,,,,,,,,1962.0000,,,1962.0000,,,,,,,,,,,,,,-63.0000,-20.0000,,,,-753.0000,,,,,,,,,,,,18.0000,,,,,,,87.0000,1826.0000,,,173.0000,,,,,VESTAS WIND SYSTEMS A/S
225094,12,EUR,2,2021,2021-06-30,,,,,,-508.0000,,,,,,,,,,,,,,194.0000,,,,,,-1467.0000,,4506.0000,,,427.0000,,,,,,,427.0000,427.0000,,,,,228.0000,,,45.0000,,,21.0000,,,-564.0000,,,,,-234.0000,,,,,,,,992.0000,33.0000,,33.0000,28.0000,,,,,183.0000,,,,,-23.0000,,,,,,,,,,,,-161.0000,,-538.0000,,,,,,,,-324.0000,,,,5.0000,,,,,,,15.0000,,,-386.0000,30.0000,457.0000,,,,45.0000,,,,,,,12.0000,,,,,5498.0000,,,5498.0000,,,,,,,,,,,,,,-81.0000,12.0000,,,,-508.0000,,,,,,,,,,,,30.0000,,,,,,,181.0000,5041.0000,,,354.0000,,,,,VESTAS WIND SYSTEMS A/S
225094,12,EUR,3,2021,2021-09-30,,,,,,-516.0000,,,,,,,,,,,,,,324.0000,,,,,,-1185.0000,,9202.0000,,,669.0000,,,,,,,669.0000,669.0000,,,,,228.0000,,,49.0000,,,21.0000,,-22.0000,-667.0000,,,,,-23.0000,,,,,,,,1834.0000,156.0000,,156.0000,150.0000,,,,,278.0000,,,,,-32.0000,,,,,,,,,,,,-75.0000,,-676.0000,,,,,,,,-405.0000,,,,6.0000,,,,,,-119.0000,-140.0000,,,137.0000,355.0000,1024.0000,,,,215.0000,,,,,-1.0000,,12.0000,,,,,11036.0000,,,11036.0000,,,-119.0000,,,,,,,,,,,-117.0000,59.0000,,,,-516.0000,,,,,,,,,,,,70.0000,,,,,,,262.0000,10012.0000,,,548.0000,,,,,VESTAS WIND SYSTEMS A/S
225094,12,EUR,4,2021,2021-12-31,,,,,153.0000,-86.0000,,678.0000,,,,,,,,,,,,476.0000,,,,,,-643.0000,,13341.0000,,,533.0000,,,,,,,921.0000,686.0000,,,,50.0000,228.0000,-36.0000,,36.0000,,,15.0000,,-22.0000,-715.0000,,,,,114.0000,,,,,,,,2246.0000,176.0000,,176.0000,167.0000,19.0000,,,,400.0000,,,,60.0000,-20.0000,,,-705.0000,,,,,,,,0.0000,-126.0000,,-939.0000,,,,,,,,-453.0000,,,,9.0000,,,,,,-207.0000,-204.0000,,,996.0000,461.0000,1147.0000,,,,257.0000,,,,,-3.0000,,12.0000,,,122.0000,,15587.0000,,,15587.0000,,,-139.0000,,6.0000,,,,,,,,,-174.0000,81.0000,,,,9.0000,,,,,,,,,,,,52.0000,,,,,,,364.0000,14440.0000,,,735.0000,,1680.0000,,,VESTAS WIND SYSTEMS A/S
225094,12,EUR,1,2022,2022-03-31,,,,,,-609.0000,,,,,,,,,,,,,,107.0000,,,,,,-619.0000,,2154.0000,,,309.0000,,,,,,,309.0000,309.0000,,,,,,,,-1.0000,,,10.0000,,,494.0000,,,,,205.0000,,,,,,,,331.0000,-765.0000,,-765.0000,-765.0000,,,,,88.0000,,,,,,,,,,,,,,,,,-2.0000,,-195.0000,,,,,,,,494.0000,,,,,,,,,,-559.0000,-560.0000,,,-928.0000,-329.0000,-20.0000,,,,-889.0000,,,,,-2.0000,,,,,,,2485.0000,,,2485.0000,,,-565.0000,,,,,,,,,,,-68.0000,-124.0000,,,,-609.0000,,,,,,,,,,,,,,,,,,,149.0000,2505.0000,,,202.0000,,,,,VESTAS WIND SYSTEMS A/S
225094,12,EUR,2,2022,2022-06-30,,,,,,-707.0000,,,,,,,,,,,,,,182.0000,,,,,,-1070.0000,,5139.0000,,,532.0000,,,,,,,532.0000,532.0000,,,,,50.0000,,,13.0000,,,30.0000,,,404.0000,,,,,38.0000,,,,,,,,651.0000,-884.0000,,-884.0000,-884.0000,,,,,192.0000,,,,4.0000,-5.0000,,,,,,,,,,,0.0000,-21.0000,,-388.0000,,,,,,,,454.0000,,,,,,,,,,-530.0000,-517.0000,,,-1116.0000,-511.0000,21.0000,,,,-1028.0000,,,,,-3.0000,,,,,,,5790.0000,,,5790.0000,,,-530.0000,,,,,,,,,,,-90.0000,-144.0000,,,,-707.0000,,,,,,,,,,,,,,,,,,,232.0000,5769.0000,,,398.0000,,,,,VESTAS WIND SYSTEMS A/S
225094,12,EUR,3,2022,2022-09-30,,,,,,-1402.0000,,,,,,,,,,,,,,267.0000,,,,,,-1281.0000,,8663.0000,,,760.0000,,,,,,,760.0000,760.0000,,,,,50.0000,,,21.0000,,,28.0000,,,839.0000,,,,,64.0000,,,,,,,,1040.0000,-1031.0000,,-1031.0000,-1031.0000,,,,,297.0000,,,,12.0000,-1.0000,,,,,,,,,,,0.0000,,,-418.0000,,,,,,,,889.0000,,,,,,,,,,-517.0000,-561.0000,,,-1730.0000,-638.0000,122.0000,,,,-1199.0000,,,,,-47.0000,,,,,,,9703.0000,,,9703.0000,,87.0000,-517.0000,,,,,,,,,,,-120.0000,-168.0000,,,,-1402.0000,,,,,,,,,,,,65.0000,,,,,,,317.0000,9581.0000,,,601.0000,,,,,VESTAS WIND SYSTEMS A/S
225094,12,EUR,4,2022,2022-12-31,,,,,104.0000,-68.0000,,-197.0000,,,,,,,,,,,,371.0000,,,,,,-42.0000,,13681.0000,,,509.0000,,,,,,,834.0000,613.0000,,,,,50.0000,-11.0000,,10.0000,,,-14.0000,,,846.0000,,,,,898.0000,,,,,,,,805.0000,-1572.0000,,-1572.0000,-1572.0000,37.0000,,,,448.0000,,,,13.0000,0.0000,,,-763.0000,,,,,,,,0.0000,,,-679.0000,,,,,,,,896.0000,,,,,,,,,,-718.0000,-734.0000,,,-195.0000,-962.0000,-349.0000,,,,-1696.0000,,,,,-48.0000,,,,,836.0000,,14486.0000,,,14486.0000,,79.0000,-634.0000,,-8.0000,,,,,,,,,-144.0000,-124.0000,,,,-192.0000,,,,,,,,,,,,63.0000,,,,,,,363.0000,14835.0000,,,791.0000,,1880.0000,,,VESTAS WIND SYSTEMS A/S
225094,12,EUR,1,2023,2023-03-31,,,,,,-1222.0000,,,,,,,,,,,,,,76.0000,,,,,,-671.0000,,2445.0000,,,196.0000,,,,,,,196.0000,196.0000,,,,,,,,8.0000,,,-22.0000,,,436.0000,,,,,52.0000,,,,,,,,384.0000,16.0000,,16.0000,15.0000,,,,,92.0000,,,,5.0000,-1.0000,,,,,,,,,,,0.0000,-4.0000,,-111.0000,,,,,,,,436.0000,,,,1.0000,,,,,,173.0000,147.0000,,,-974.0000,-116.0000,80.0000,,,,31.0000,,,,,-56.0000,,,,,,,2829.0000,,,2829.0000,,,173.0000,,,,,,,,,,,-15.0000,15.0000,,,,-1222.0000,,,,,,,,,,,,34.0000,,,,,,,92.0000,2749.0000,,,212.0000,,,,,VESTAS WIND SYSTEMS A/S
225094,12,EUR,2,2023,2023-06-30,,,,,,-1311.0000,,,,,,,,,,,,,,171.0000,,,,,,-874.0000,,5451.0000,,,398.0000,,,,,,,398.0000,398.0000,,,,,,,,20.0000,,,-29.0000,,,350.0000,,,,,140.0000,,,,,,,,807.0000,-99.0000,,-99.0000,-100.0000,,,,,186.0000,,,,6.0000,-1.0000,,,,,,,,,,,0.0000,,,-269.0000,,,,,,,,361.0000,,,,1.0000,,,,,,175.0000,103.0000,,,-926.0000,-202.0000,196.0000,,,,-99.0000,,,,,-56.0000,,11.0000,,,,,6258.0000,,,6258.0000,,26.0000,175.0000,,,,,,,,,,,-53.0000,,,,,-1311.0000,,,,,,,,,,,,92.0000,,,,,,,174.0000,6062.0000,,,437.0000,,,,,VESTAS WIND SYSTEMS A/S
225094,12,EUR,3,2023,2023-09-30,,,,,,-1679.0000,,,,,,,,,,,,,,295.0000,,,,,,-682.0000,,9259.0000,,,592.0000,,,,,,,592.0000,592.0000,,,,,,,,25.0000,,,-32.0000,,,784.0000,,,,,296.0000,,,,,,,,1352.0000,-71.0000,,-71.0000,-71.0000,,,,,289.0000,,,,13.0000,-8.0000,,,,,,,,,,,0.0000,,,-477.0000,,,,,,,,795.0000,,,,,,,,,,174.0000,75.0000,,,-957.0000,-146.0000,446.0000,,,,-71.0000,,,,,-56.0000,,11.0000,,,,,10611.0000,,,10611.0000,,38.0000,174.0000,,,,,,,,,,,-87.0000,,,,,-1679.0000,,,,,,,,,,,,124.0000,,,,,,,271.0000,10165.0000,,,635.0000,,,,,VESTAS WIND SYSTEMS A/S
225094,12,EUR,4,2023,2023-12-31,,,,,81.0000,-362.0000,,-351.0000,,,,,,,,,,,,456.0000,,,,,,940.0000,,13500.0000,,,518.0000,,,,,,,790.0000,599.0000,,,,,,-22.0000,,22.0000,,,-48.0000,,,743.0000,,,,,409.0000,,,,,,,,1882.0000,78.0000,,78.0000,77.0000,205.0000,,,,434.0000,,,,12.0000,0.0000,,,91.0000,,,,,,,,0.0000,,,-782.0000,,,,,,,,754.0000,,,,1.0000,,,,,,74.0000,66.0000,,,1027.0000,36.0000,635.0000,,,,102.0000,,,,,-55.0000,,11.0000,,,655.0000,,15382.0000,,,15382.0000,,41.0000,208.0000,,,,,,,,,,,-261.0000,24.0000,,,,33.0000,,,,,,,,,,,,235.0000,,,,,,,371.0000,14747.0000,,,876.0000,,2265.0000,,,VESTAS WIND SYSTEMS A/S
225094,12,EUR,1,2024,2024-03-31,,,,,,-669.0000,,,,,,,,,,,,,,104.0000,,,,,,-1024.0000,,2238.0000,,,199.0000,,,,,,,199.0000,199.0000,,,,,,,,-3.0000,,,-18.0000,,,-36.0000,,,,,-171.0000,,,,,,,,443.0000,-75.0000,,-75.0000,-68.0000,,,,,94.0000,,,,3.0000,1.0000,,,,,,,,,,,0.0000,-20.0000,,-215.0000,,,,,,,,-36.0000,,,,-7.0000,,,,,,-34.0000,-37.0000,,,-755.0000,-68.0000,131.0000,,,,-105.0000,,,,,,,,,,,,2681.0000,,,2681.0000,,,16.0000,,,,,,,,,,,-40.0000,-30.0000,,,,-669.0000,,,,,,,,,,,,,,,,,,,85.0000,2550.0000,,,227.0000,,,,,VESTAS WIND SYSTEMS A/S
225094,12,EUR,2,2024,2024-06-30,,,,,,79.0000,,,,,,,,,,,,,,251.0000,,,,,,-682.0000,,5153.0000,,,424.0000,,,,,,,424.0000,424.0000,,,,,,,,5.0000,,,-24.0000,,,-187.0000,,,,,-102.0000,,,,,,,,824.0000,-231.0000,,-231.0000,-226.0000,,,,,229.0000,,,,3.0000,-15.0000,,,,,,,,,,,0.0000,-83.0000,,-547.0000,,,,,,,,-147.0000,,,,-5.0000,,,,,,1.0000,-82.0000,,,76.0000,-253.0000,171.0000,,,,-335.0000,,,,,-13.0000,,40.0000,,,,,5977.0000,,,5977.0000,,,1.0000,,,,,,,,,,,-79.0000,-104.0000,,,,79.0000,,,,,,,,,,,,88.0000,,,,,,,174.0000,5806.0000,,,479.0000,,,,,VESTAS WIND SYSTEMS A/S
225094,12,EUR,3,2024,2024-09-30,,,,,,-403.0000,,,,,,,,,,,,,,423.0000,,,,,,-1121.0000,,9577.0000,,,633.0000,,,,,,,633.0000,633.0000,,,,,,,,-5.0000,,,-36.0000,,,-330.0000,,,,,234.0000,,,,,,,,1577.0000,-104.0000,,-104.0000,-99.0000,,,,,329.0000,,,,5.0000,-38.0000,,,,,,,,,,,0.0000,-186.0000,,-920.0000,,,,,,,,-290.0000,,,,-5.0000,,,,,,-3.0000,-132.0000,,,165.0000,-19.0000,614.0000,,,,-151.0000,,,,,-13.0000,,40.0000,,,,,11154.0000,,,11154.0000,,,-3.0000,,,,,,,,,,,-157.0000,-47.0000,,,,-403.0000,,,,,,,,,,,,124.0000,,,,,,,273.0000,10540.0000,,,690.0000,,,,,VESTAS WIND SYSTEMS A/S
225094,12,EUR,4,2024,2024-12-31,,,,,80.0000,-375.0000,,391.0000,,,,,,,,,,,,670.0000,,,,,,499.0000,,14600.0000,,,558.0000,,,,,,,856.0000,638.0000,,,,75.0000,,2.0000,,-1.0000,,,-14.0000,,,-478.0000,,,,,537.0000,,,,,,,,2695.0000,494.0000,,494.0000,499.0000,157.0000,,,,485.0000,8.5000,,,5.0000,-54.0000,,,501.0000,,,,,,,,0.0000,-204.0000,,-1341.0000,,,,,,,,-438.0000,,,,-5.0000,,,,,,4.0000,-34.0000,,,2332.0000,739.0000,1377.0000,,,,705.0000,,,,,-13.0000,,40.0000,,,238.0000,,17295.0000,,,17295.0000,,,53.0000,,-13.0000,,,,,,,,,-245.0000,211.0000,,,,755.0000,,,,,,,,,,,,202.5000,,,,,,,380.0000,15918.0000,,,938.0000,,2470.0000,,,VESTAS WIND SYSTEMS A/S
225597,12,EUR,4,2019,2019-12-31,,,,,84.0000,-100.0000,,,13.0000,,,420.0000,,,,,,,,695.0000,,,,,,851.0000,,2721.0000,,,491.0000,,,-78.0000,,,,575.0000,575.0000,,,,977.1240,977.0000,-744.0000,,744.0000,,,44.0000,,-69.0000,-886.0000,,,,,351.0000,,,,,,,,2726.0000,1507.0000,,1507.0000,1482.0000,28.0000,,,,,9.0000,,,,91.0000,,,4.0000,,,,,,,,412.0000,-41.0000,,118.0000,,,,,,,,238.0000,,,,25.0000,,,,,,-67.0000,538.0000,,,1575.0000,1190.0000,1765.0000,,,,1728.0000,,,,,-35.0000,,,,,63.0000,,5447.0000,,,5447.0000,,,-72.0000,,-7.0000,,,,,,,,,-165.0000,221.0000,,,,-33.0000,,,,,,,,,,,,176.0000,,,,,,,481.0000,3682.0000,,,480.0000,,480.0000,,,FORTUM OYJ
225597,12,EUR,1,2020,2020-03-31,,,,,,504.0000,,,831.0000,,,14.0000,,,,,,,,110.0000,,,1.0000,,,2646.0000,,576.0000,,,150.0000,,,-43.0000,,,,150.0000,150.0000,,,,,,-479.0000,,479.0000,,,-71.0000,,-3.0000,2008.0000,,,,,-58.0000,,,,,,,,781.0000,939.0000,,939.0000,930.0000,6.0000,,,,,1.0000,,,,-41.0000,,,4.0000,,,,,,,,9.0000,,,-406.0000,,,,,,,,2054.0000,,,,9.0000,,,,,,183.0000,622.0000,,,1114.0000,393.0000,543.0000,,,,1015.0000,,,,,-1.0000,,,,,178.0000,,1357.0000,,,1357.0000,,511.0000,199.0000,,,,,,,,,,,-83.0000,76.0000,,,,686.0000,,,,,,,,,,,,47.0000,,,,,,,115.0000,814.0000,,,123.0000,,123.0000,,,FORTUM OYJ
225597,12,EUR,2,2020,2020-06-30,,,,,,-1897.0000,,,3213.0000,,,26.0000,,,,,,,,351.0000,,,1.0000,,,968.0000,,12000.0000,,,456.0000,,,-29.0000,,,,456.0000,456.0000,,,,,977.0000,-516.0000,,516.0000,,,-22.0000,,-142.0000,915.0000,,,,,500.0000,,,,,,,,1687.0000,1317.0000,,1317.0000,1244.0000,48.0000,,,,,15.0000,,,,-39.0000,,,-257.0000,,,,,,,,-33.0000,,,-987.0000,,,,,,,,2063.0000,,,,73.0000,,,,,,513.0000,984.0000,,,1061.0000,599.0000,1055.0000,,,,1583.0000,,,,,-7.0000,,,,,2189.0000,,13687.0000,,,13687.0000,,2577.0000,527.0000,,-502.0000,,,,,,,,,-190.0000,266.0000,,,,35.0000,,,,,,,,,,,,108.0000,,,,,,,155.0000,12632.0000,,,477.0000,,477.0000,,,FORTUM OYJ
225597,12,EUR,3,2020,2020-09-30,,,,,,-607.0000,,,3413.0000,,,24.0000,,,,,,,,682.0000,,,2.0000,,,1039.0000,,25171.0000,,,763.0000,,,-111.0000,,,,763.0000,763.0000,,,,,977.0000,-540.0000,,540.0000,,,-54.0000,,-144.0000,776.0000,,,,,685.0000,,,,,,,,2565.0000,1461.0000,,1461.0000,1448.0000,80.0000,,,,,31.0000,,,,-33.0000,,,5.0000,,,,,,,,-42.0000,,,-1109.0000,,,,,,,,2008.0000,,,,13.0000,,,,,,784.0000,1267.0000,,,1424.0000,423.0000,1186.0000,,,,1690.0000,,,,,-11.0000,,,,,705.0000,,27736.0000,,,27736.0000,,2993.0000,763.0000,,-781.0000,,,,,,,,,-234.0000,229.0000,,,,103.0000,,,,,,,,,,,,168.0000,,,,,,,565.0000,26550.0000,,,814.0000,,814.0000,,,FORTUM OYJ
225597,12,EUR,4,2020,2020-12-31,,,,,145.0000,835.0000,,,3646.0000,,,98.0000,,,,,,,,1101.0000,,,,,,875.0000,,44298.0000,,,945.0000,,,207.0000,,,,1090.0000,1090.0000,,,,994.8900,977.0000,-656.0000,,656.0000,,,-45.0000,,-787.0000,505.0000,,,,,1304.0000,,,,,,,,4717.0000,1855.0000,,1855.0000,1823.0000,111.0000,,,,,39.0000,,,,-41.0000,,,306.0000,,,,,,,,-596.0000,,,-2140.0000,,,,,,,,2062.0000,,,,32.0000,,,,,,373.0000,970.0000,,,2555.0000,1229.0000,2319.0000,,,,2199.0000,,,,,-16.0000,,,,,-1106.0000,,49015.0000,,,49015.0000,,3089.0000,255.0000,,-765.0000,,,,,,,,,-267.0000,344.0000,,,,35.0000,,,,,,,,,,,,209.0000,,,,,,,1203.0000,46696.0000,,,1195.0000,,1195.0000,,,FORTUM OYJ
225597,12,EUR,1,2021,2021-03-31,,,,,,-704.0000,,,19.0000,,,-19.0000,,,,,,,,293.0000,,,,,,1310.0000,,19491.0000,,,308.0000,,,295.0000,,,,308.0000,308.0000,,,,,,-80.0000,,80.0000,,,18.0000,,340.0000,655.0000,,,,,269.0000,,,,,,,,2002.0000,1310.0000,,1310.0000,1092.0000,37.0000,,,,,9.0000,,,,-42.0000,,,-83.0000,,,,,,,,-3.0000,,,-194.0000,,,,,,,,20.0000,,,,218.0000,,,,,,219.0000,289.0000,,,831.0000,1171.0000,1479.0000,,,,1460.0000,,,,,-14.0000,,,,,-3.0000,,21493.0000,,,21493.0000,,126.0000,174.0000,,-51.0000,,,,,,,,,-93.0000,150.0000,,,,-790.0000,,,,,,,,,,,,56.0000,,,,,,,151.0000,20014.0000,,,372.0000,,372.0000,,,FORTUM OYJ
225597,12,EUR,2,2021,2021-06-30,,,,,,-199.0000,,,173.0000,,,-28.0000,,,,,,,,232.0000,,,-2.0000,,,-570.0000,,1529.0000,,,290.0000,,,,,,,290.0000,290.0000,,,,,995.0000,-140.0000,,140.0000,,,20.0000,,1647.0000,272.0000,,,,,567.0000,,,,,,,,1426.0000,693.0000,,693.0000,677.0000,11.0000,,,,,,,,,-26.0000,,,21.0000,,,,,,,,-1662.0000,,,-1979.0000,,,,,,,,-380.0000,,,,16.0000,,,,,,89.0000,163.0000,,,1119.0000,667.0000,957.0000,,,,830.0000,,,,,-1.0000,,,,,163.0000,,2955.0000,,,2955.0000,,115.0000,112.0000,,-62.0000,,,,,,,,,-188.0000,137.0000,,,,-15.0000,,,,,,,,,,,,77.0000,,,,-59.0000,,,218.0000,1998.0000,,,251.0000,,251.0000,,,FORTUM OYJ
225597,12,EUR,3,2021,2021-09-30,,,,,,-195.0000,,,211.0000,,,-831.0000,,,,,,,,330.0000,,,-1.0000,,,3932.0000,,2203.0000,,,433.0000,,,735.0000,,,,433.0000,433.0000,,,,,995.0000,-147.0000,,147.0000,,,27.0000,,4025.0000,3230.0000,,,,,2484.0000,,,,,,,,2048.0000,3581.0000,,3581.0000,3569.0000,18.0000,,,,,3.0000,,,,-38.0000,,,-18.0000,,,,,,,,-5026.0000,,,-2718.0000,,,,,,,,-535.0000,,,,12.0000,,,,,,2831.0000,2881.0000,,,3394.0000,910.0000,1343.0000,,,,3791.0000,,,,,-2.0000,,,,,189.0000,,4251.0000,,,4251.0000,,3678.0000,2869.0000,,-2674.0000,,,,,,,,,-221.0000,210.0000,,,,-24.0000,,,,,,,,,,,,118.0000,,,,-3672.0000,,,343.0000,2908.0000,,,362.0000,,362.0000,,,FORTUM OYJ
225597,12,EUR,4,2021,2021-12-31,,,,,,137.0000,,,210.0000,,,-2545.0000,,,,,,,,470.0000,,,,,,5284.0000,,3419.0000,,,587.0000,,,1844.0000,,,,587.0000,587.0000,,,,1012.6560,995.0000,-168.0000,,168.0000,,,29.0000,,4507.0000,6012.0000,,,,,4039.0000,,,,,,,,3003.0000,4008.0000,,4008.0000,3985.0000,25.0000,,,,,,,,,-50.0000,,,2.0000,,,,,,,,-6248.0000,,,-5727.0000,,,,,,,,656.0000,,,,23.0000,,,,,,2865.0000,2904.0000,,,4970.0000,1429.0000,2016.0000,,,,4333.0000,,,,,-2.0000,,,,,-633.0000,,6422.0000,,,6422.0000,,3744.0000,2897.0000,,-2673.0000,,,,,,,,,-279.0000,325.0000,,,,-494.0000,,,,,,,,,,,,154.0000,,,,-3246.0000,,,488.0000,4406.0000,,,499.0000,,496.0000,,,FORTUM OYJ
225597,12,EUR,1,2022,2022-03-31,,,,,,-187.0000,,,,,,-1506.0000,,,,,,,,87.0000,,,,,,-1172.0000,,1293.0000,,,109.0000,,,,,,,109.0000,109.0000,,,,,0.0000,56.0000,,-56.0000,,,-15.0000,,-441.0000,-1276.0000,,,,,-1977.0000,,,,,,,,646.0000,288.0000,,288.0000,899.0000,4.0000,,,,,,,,,-55.0000,,,23.0000,,,,,,,,3246.0000,-6.0000,,1648.0000,,,,,,,,-835.0000,,,,-611.0000,,,,,,141.0000,56.0000,,,-1529.0000,327.0000,436.0000,,,,383.0000,,,,,-1.0000,,,,,348.0000,,1939.0000,,,1939.0000,,,154.0000,,-3.0000,,,,,,,,,-131.0000,95.0000,,,,184.0000,,,,,,,,,,,,33.0000,,,,-3121.0000,,,98.0000,1503.0000,,,112.0000,,112.0000,,,FORTUM OYJ
225597,12,EUR,2,2022,2022-06-30,,,,,,-181.0000,,,,,,-1501.0000,,,,,,,,177.0000,,,,,,-3427.0000,,2251.0000,,,209.0000,,,1327.0000,,,,209.0000,209.0000,,,,,1013.0000,113.0000,,-113.0000,,,147.0000,,800.0000,-1351.0000,,,,,-1960.0000,,,,,,,,1225.0000,931.0000,,931.0000,3212.0000,12.0000,,,,,1.0000,,,,-73.0000,,,-7.0000,,,,,,,,-280.0000,,,-969.0000,,,,,,,,-2465.0000,,,,-2281.0000,,,,,,609.0000,444.0000,,,-1254.0000,589.0000,798.0000,,,,1033.0000,,,,,-1.0000,,,,,543.0000,,3476.0000,,,3476.0000,,988.0000,652.0000,,-642.0000,,,,,,,,,-187.0000,102.0000,,,,355.0000,,,,,,,,,,,,65.0000,,,,-11120.0000,,,210.0000,2678.0000,,,217.0000,,217.0000,,,FORTUM OYJ
225597,12,EUR,3,2022,2022-09-30,,,,,,-233.0000,,,,,,-50.0000,,,,,,,,302.0000,,,,,,-3955.0000,,3485.0000,,,309.0000,,,2555.0000,,,,309.0000,309.0000,,,,,1013.0000,126.0000,,-126.0000,,,118.0000,,11045.0000,11537.0000,,,,,-10624.0000,,,,,,,,1882.0000,1657.0000,,1657.0000,1649.0000,48.0000,,,,,3.0000,,,,-119.0000,,,-14.0000,,,,,,,,-7019.0000,,,-6236.0000,,,,,,,,-1050.0000,,,,8.0000,,,,,,1162.0000,973.0000,,,-9374.0000,941.0000,1250.0000,,,,1914.0000,,,,,-2.0000,,,,,421.0000,,5367.0000,,,5367.0000,,1133.0000,1199.0000,,-780.0000,,,,,,,,,-117.0000,257.0000,,,,174.0000,,,,,,,,,,,,114.0000,,,,-3458.0000,,,313.0000,4117.0000,,,319.0000,,319.0000,,,FORTUM OYJ
225597,12,EUR,4,2022,2022-12-31,,,,,,334.0000,,,,,,2429.0000,,,,,,,,479.0000,,,3.0000,,,-3673.0000,,4853.0000,,,415.0000,,,-170.0000,,,,415.0000,415.0000,,,,816.5110,1013.0000,185.0000,,-185.0000,,,7.0000,,10702.0000,6055.0000,,,,,-10202.0000,,,,,,,,2921.0000,2084.0000,,2084.0000,2080.0000,75.0000,,,,,4.0000,,,,-100.0000,,,-182.0000,,,,,,,,-4051.0000,,,-971.0000,,,,,,,,-3464.0000,,,,4.0000,,,,,,264.0000,-46.0000,,,-8767.0000,1610.0000,2025.0000,,,,1564.0000,,,,,-3.0000,,,,,-352.0000,,7774.0000,,,7774.0000,,1127.0000,356.0000,,-785.0000,,,,,,,,,-164.0000,-520.0000,,,,-200.0000,,,,,,,,,,,,204.0000,,,,-4496.0000,,,464.0000,5749.0000,,,432.0000,,432.0000,,,FORTUM OYJ
225597,12,EUR,1,2023,2023-03-31,,,,,,-378.0000,,,,,,-67.0000,,,,,,,,113.0000,,,,,,-190.0000,,1246.0000,,,83.0000,,,-719.0000,,,,83.0000,83.0000,,,,,,-22.0000,,22.0000,,,-59.0000,,-112.0000,-1763.0000,,,,,359.0000,,,,,,,,1019.0000,542.0000,,542.0000,540.0000,26.0000,,,,,4.0000,,,,-60.0000,,,29.0000,,,,,,,,1237.0000,-8.0000,,1049.0000,,,,,,,,-932.0000,,,,2.0000,,,,,,40.0000,-3.0000,,,583.0000,699.0000,782.0000,,,,696.0000,,,,,,,,,,316.0000,,2265.0000,,,2265.0000,,,71.0000,,,,,,,,,,,-286.0000,154.0000,,,,-33.0000,,,,,,,,,,,,95.0000,,,,25.0000,,,128.0000,1483.0000,,,109.0000,,109.0000,,,FORTUM OYJ
225597,12,EUR,2,2023,2023-06-30,,,,,,-410.0000,,,,,,38.0000,,,,,,,,300.0000,,,1.0000,,,237.0000,,2036.0000,,,165.0000,,,,,,,165.0000,165.0000,,,,,413.0000,20.0000,,-20.0000,,,-49.0000,,-70.0000,-1926.0000,,,,,132.0000,,,,,,,,1597.0000,915.0000,,915.0000,916.0000,67.0000,,,,,,,,,-67.0000,,,105.0000,,,,,,,,1244.0000,-13.0000,,971.0000,,,,,,,,-1443.0000,,,,-1.0000,,,,,,18.0000,-91.0000,,,1240.0000,961.0000,1126.0000,,,,870.0000,,,,,-2.0000,,,,,742.0000,,3633.0000,,,3633.0000,,,76.0000,,,,,,,,,,,-362.0000,-45.0000,,,,437.0000,,,,,,,,,,,,156.0000,,,,-3583.0000,,,260.0000,2507.0000,,,211.0000,,211.0000,,,FORTUM OYJ
225597,12,EUR,3,2023,2023-09-30,,,,,,-395.0000,,,23.0000,,,58.0000,,,,,,,,446.0000,,,,,,633.0000,,2702.0000,,,257.0000,,,,,,,257.0000,257.0000,,,,,413.0000,29.0000,,-29.0000,,,-39.0000,,-205.0000,-2157.0000,,,,,269.0000,,,,,,,,2150.0000,1103.0000,,1103.0000,1103.0000,115.0000,,,,,,,,,-64.0000,,,109.0000,,,,,,,,1583.0000,-15.0000,,1159.0000,,,,,,,,-1539.0000,,,,0.0000,,,,,,43.0000,-88.0000,,,1670.0000,1184.0000,1441.0000,,,,1096.0000,,,,,-2.0000,,,,,777.0000,,4852.0000,,,4852.0000,,,101.0000,,-2.0000,,,,,,,,,-413.0000,-7.0000,,,,491.0000,,,,,,,,,,,,217.0000,,,,-3582.0000,,,393.0000,3411.0000,,,316.0000,,316.0000,,,FORTUM OYJ
225597,12,EUR,4,2023,2023-12-31,,,,,,-143.0000,,,22.0000,,,52.0000,,,,,,,,576.0000,,,,,,264.0000,,3808.0000,,,359.0000,,,-1757.0000,,,,359.0000,359.0000,,,,,817.0000,-59.0000,,59.0000,,,-36.0000,,-180.0000,-2619.0000,,,,,330.0000,,,,,,,,2903.0000,1515.0000,,1515.0000,1514.0000,165.0000,,,,,20.0000,,,,-59.0000,,,-14.0000,,,,,,,,1660.0000,-26.0000,,1100.0000,,,,,,,,135.0000,,,,1.0000,,,,,,84.0000,39.0000,,,1819.0000,1545.0000,1904.0000,,,,1584.0000,,,,,-12.0000,,,,,348.0000,,6711.0000,,,6711.0000,,,118.0000,,-4.0000,,,,,,,,,-454.0000,69.0000,,,,191.0000,,,,,,,,,,,,289.0000,,,,-3583.0000,,,557.0000,4807.0000,,,442.0000,,436.0000,,,FORTUM OYJ
225597,12,EUR,1,2024,2024-03-31,,,,,,-180.0000,,,,,,-22.0000,,,,,,,,110.0000,,,,,,692.0000,,1167.0000,,,92.0000,,,78.0000,,,,92.0000,92.0000,,,,,,-21.0000,,21.0000,,,-3.0000,,-34.0000,40.0000,,,,,-3.0000,,,,,,,,848.0000,473.0000,,473.0000,471.0000,53.0000,,,,,3.0000,,,,-25.0000,,,47.0000,,,,,,,,248.0000,,,117.0000,,,,,,,,-4.0000,,,,2.0000,,,,,,37.0000,48.0000,,,538.0000,531.0000,623.0000,,,,579.0000,,,,,,,,,,246.0000,,2015.0000,,,2015.0000,,1.0000,42.0000,,-5.0000,,,,,,,,,-86.0000,106.0000,,,,113.0000,,,,,,,,,,,,66.0000,,,,,,,105.0000,1392.0000,,,120.0000,,120.0000,,,FORTUM OYJ
225597,12,EUR,2,2024,2024-06-30,,,,,,-322.0000,,,,,,-19.0000,,,,,,,,218.0000,,,,,,-125.0000,,1864.0000,,,185.0000,,,10.0000,,,,185.0000,185.0000,,,,,520.0000,-23.0000,,23.0000,,,-3.0000,,-34.0000,-957.0000,,,,,-35.0000,,,,,,,,1406.0000,688.0000,,688.0000,688.0000,131.0000,,,,,6.0000,,,,-39.0000,,,41.0000,,,,,,,,201.0000,-7.0000,,-41.0000,,,,,,,,-413.0000,,,,,,,,,,57.0000,89.0000,,,876.0000,762.0000,947.0000,,,,851.0000,,,,,-2.0000,,,,,535.0000,,3270.0000,,,3270.0000,,,49.0000,,-7.0000,,,,,,,,,-147.0000,163.0000,,,,254.0000,,,,,,,,,,,,128.0000,,,,,,,215.0000,2323.0000,,,244.0000,,244.0000,,,FORTUM OYJ
225597,12,EUR,3,2024,2024-09-30,,,,,,-355.0000,,,,,,-17.0000,,,,,,,,351.0000,,,,,,73.0000,,2474.0000,,,281.0000,,,-30.0000,,,,281.0000,281.0000,,,,,520.0000,-57.0000,,57.0000,,,-2.0000,,-67.0000,-1040.0000,,,,,56.0000,,,,,,,,1891.0000,822.0000,,822.0000,820.0000,179.0000,,,,,8.0000,,,,-16.0000,,,53.0000,,,,,,,,270.0000,-15.0000,,-110.0000,,,,,,,,-423.0000,,,,2.0000,,,,,,29.0000,91.0000,,,1225.0000,921.0000,1202.0000,,,,1012.0000,,,,,-3.0000,,,,,576.0000,,4365.0000,,,4365.0000,,,14.0000,,-7.0000,,,,,,,,,-128.0000,190.0000,,,,274.0000,,,,,,,,,,,,182.0000,,,,,,,333.0000,3163.0000,,,356.0000,,356.0000,,,FORTUM OYJ
225597,12,EUR,4,2024,2024-12-31,,,,,108.0000,-131.0000,,,,,,-19.0000,,,,,,,,472.0000,,,,,,-47.0000,,3295.0000,,,271.0000,,,-37.0000,,,,379.0000,379.0000,,,,807.5380,1032.0000,-19.0000,,19.0000,,,,,-35.0000,-2043.0000,,,,,131.0000,,,,,,,,2505.0000,1160.0000,,1160.0000,1164.0000,234.0000,,,,,10.0000,,,,25.0000,,,-17.0000,,,,,,,,361.0000,,,604.0000,,,,,,,,-939.0000,,,,-4.0000,,,,,,252.0000,279.0000,,,1392.0000,1120.0000,1499.0000,,,,1399.0000,,,,,-3.0000,,,,,243.0000,,5800.0000,,,5800.0000,,731.0000,205.0000,,-183.0000,,,,,,,,,-196.0000,239.0000,,,,95.0000,,,,,,,,,,,,236.0000,,,,,,,517.0000,4301.0000,,,489.0000,,485.0000,,,FORTUM OYJ
232646,12,DKK,4,2019,2019-12-31,,,,,73.0000,153.0000,,,764.0000,,,,,,,,,,,22445.0000,,,,,,3796.0000,,42836.0000,,,6791.0000,,,,,,,6864.0000,6864.0000,,,,4414.0000,4652.0000,,,-18.0000,,,206.0000,,-1793.0000,1334.0000,,,,,2891.0000,,,,,,,,29184.0000,7291.0000,,7291.0000,7237.0000,291.0000,,,,,,,,21.0000,-1049.0000,,,1417.0000,,,,,,,,385.0000,,,-10612.0000,,,,,,,,7467.0000,,,,54.0000,,,,,,-95.0000,-1885.0000,,,12868.0000,12277.0000,19141.0000,,1622.0000,,10392.0000,,,,,-3424.0000,,4104.0000,,,,,72020.0000,,,70398.0000,,8767.0000,-732.0000,,101.0000,4416.0000,,,,,,,,-4800.0000,3101.0000,,,,1570.0000,,,,,,,,,,,,2063.0000,,,,-56.0000,,,0.0000,52879.0000,,,10043.0000,,3952.0000,,,ORSTED A/S
232646,12,DKK,1,2020,2020-03-31,,,,,,-1208.0000,,,-4.0000,,,,,,,,,,,5238.0000,,,,,,-2236.0000,,8019.0000,,,1754.0000,,,,,,,1754.0000,1754.0000,,,,,4410.0000,,,7.0000,,,127.0000,,1631.0000,176.0000,,,,,-1676.0000,,,,,,,,10510.0000,5407.0000,,5407.0000,5407.0000,,,,,,,,,,-529.0000,,,-1838.0000,,,,,,,,,,,-1965.0000,,,,,,,,2955.0000,,,,,,,,,,962.0000,434.0000,,,-574.0000,6474.0000,8228.0000,,297.0000,,6908.0000,,,,,-23.0000,,,,,,,18529.0000,,,18232.0000,,3246.0000,1203.0000,,-1217.0000,,,,,,,,,-1267.0000,1501.0000,,,,-3046.0000,,,,,,,,,,,,535.0000,,,,-28.0000,,,0.0000,10301.0000,,,2282.0000,,1023.0000,,,ORSTED A/S
232646,12,DKK,2,2020,2020-06-30,,,,,,4713.0000,,,-1.0000,,,,,,,,,,,9008.0000,,,,,,-580.0000,,14536.0000,,,3581.0000,,,,,,,3581.0000,3581.0000,,,,,4736.0000,,,17.0000,,,103.0000,,2151.0000,-3518.0000,,,,,1713.0000,,,,,,,,14324.0000,3537.0000,,3537.0000,3548.0000,,,,,,,,,,-1163.0000,,,-2015.0000,,,,,,,,,,,-4890.0000,,,,,,,,-875.0000,,,,-11.0000,,,,,,689.0000,-498.0000,,,7725.0000,6161.0000,9742.0000,,666.0000,,5663.0000,,,,,-80.0000,,58.0000,,,,,28860.0000,,,28194.0000,,4037.0000,902.0000,,-1288.0000,,,,,,,,,-1353.0000,2126.0000,,,,2698.0000,,,,,,,,,,,,1204.0000,,,,-44.0000,,,0.0000,19118.0000,,,4582.0000,,2115.0000,,,ORSTED A/S
232646,12,DKK,3,2020,2020-09-30,,,,,,3681.0000,,,,,,,,,,,,,,18312.0000,,,,,,-1146.0000,,18300.0000,,,5676.0000,,,,,,,5676.0000,5676.0000,,,,,4736.0000,,,38.0000,,,33.0000,,1415.0000,-3097.0000,,,,,-7264.0000,,,,,,,,19612.0000,14848.0000,,14848.0000,14835.0000,,,,,,,,,7.0000,-1593.0000,,,-2099.0000,,,,,,,,18.0000,,,-8718.0000,,,,,,,,282.0000,,,,13.0000,,,,,,11769.0000,10348.0000,,,10636.0000,6534.0000,12210.0000,,956.0000,,16882.0000,,,,,-71.0000,,58.0000,,,,,37912.0000,,,36956.0000,,9498.0000,12005.0000,,-1256.0000,,,,,,,,,-1357.0000,2034.0000,,,,1582.0000,,,,,,,,,,,,1459.0000,,,,,,,0.0000,25702.0000,,,7402.0000,,3163.0000,,,ORSTED A/S
232646,12,DKK,4,2020,2020-12-31,,,,,41.0000,4263.0000,,-1795.0000,,,,,,,,,,,,26957.0000,,,,,,-1249.0000,,25784.0000,,,7547.0000,,,,,,,7588.0000,7588.0000,,,,4834.0000,4898.0000,,,78.0000,,,6.0000,,2364.0000,-2125.0000,,,,,-4449.0000,,,,,,,,25779.0000,15548.0000,,15548.0000,15609.0000,374.0000,,,,,,,,18.0000,-1830.0000,,,-1464.0000,,,,,,,,15.0000,,,-16562.0000,,,,,,,,467.0000,,,,-61.0000,,,,,,10844.0000,9190.0000,,,17432.0000,8134.0000,15722.0000,,1412.0000,,17324.0000,,,,,-123.0000,,58.0000,,,1494.0000,,51563.0000,,,50151.0000,,10239.0000,11263.0000,,-805.0000,,,,,,,,,-1118.0000,1776.0000,,,,2498.0000,,,,,,,,,,,,2106.0000,,,,-11.0000,,,0.0000,35841.0000,,,10057.0000,,4283.0000,,,ORSTED A/S
232646,12,DKK,1,2021,2021-03-31,,,,,,-352.0000,,763.0000,11.0000,,,,,,,,,,,6673.0000,,,,,,2268.0000,,12911.0000,,,1930.0000,,,,,,,1930.0000,1930.0000,,,,,4936.0000,,,35.0000,,,176.0000,,-1790.0000,5758.0000,,,,,1093.0000,,,,,,,,6575.0000,1598.0000,,1598.0000,1589.0000,,,,,,,,,,-254.0000,,,3716.0000,,,,,,,,23.0000,-5092.0000,,-11753.0000,,,,,,,,8128.0000,,,,9.0000,,,,,,257.0000,-128.0000,,,8087.0000,2675.0000,4605.0000,,542.0000,,2547.0000,,,,,,,2971.0000,,,686.0000,,19486.0000,,,18944.0000,,,256.0000,,-220.0000,7327.0000,,,,,,,,-873.0000,949.0000,,,,4813.0000,,,,,,,,,,,,420.0000,,,,,,,0.0000,14881.0000,,,1970.0000,,1039.0000,,,ORSTED A/S
232646,12,DKK,2,2021,2021-06-30,,,,,,122.0000,,-162.0000,2359.0000,,,,,,,,,,,14129.0000,,,,,,2341.0000,,21754.0000,,,3889.0000,,,,,,,3889.0000,3889.0000,,,,,5098.0000,,,55.0000,,,182.0000,,-1822.0000,2788.0000,,,,,1982.0000,,,,,,,,11643.0000,7142.0000,,7142.0000,7159.0000,,,,,,,,,28.0000,-636.0000,,,5143.0000,,,,,,,,25.0000,-5605.0000,,-11863.0000,,,,,,,,5352.0000,,,,-17.0000,,,,,,5468.0000,4812.0000,,,11234.0000,3433.0000,7322.0000,,900.0000,,8245.0000,,,,,-10177.0000,,2971.0000,,,618.0000,,33397.0000,,,32497.0000,,,5642.0000,,-5678.0000,7327.0000,,,,,,,,-1186.0000,1103.0000,,,,5721.0000,,,,,,,,,,,,711.0000,,,,,,,0.0000,26075.0000,,,4321.0000,,2215.0000,,,ORSTED A/S
232646,12,DKK,3,2021,2021-09-30,,,,,,182.0000,,,2370.0000,,,,,,,,,,,22866.0000,,,,,,998.0000,,31099.0000,,,5828.0000,,,,,,,5828.0000,5828.0000,,,,,5098.0000,,,50.0000,,,226.0000,,-3481.0000,9851.0000,,,,,2274.0000,,,,,,,,17186.0000,7629.0000,,7629.0000,7649.0000,,,,,,,,,28.0000,-597.0000,,,3144.0000,,,,,,,,55.0000,-5532.0000,,-20559.0000,,,,,,,,14074.0000,,,,-20.0000,,,,,,5488.0000,4382.0000,,,11480.0000,4534.0000,10362.0000,,1278.0000,,8916.0000,,,,,-10126.0000,,2971.0000,,,,,48285.0000,,,47007.0000,,,5568.0000,,-5626.0000,7327.0000,,,,,,,,-1354.0000,1287.0000,,,,3326.0000,,,,,,,,,,,,1156.0000,,,,,,,0.0000,37923.0000,,,6824.0000,,3125.0000,,,ORSTED A/S
232646,12,DKK,4,2021,2021-12-31,,,,,63.0000,-3686.0000,,5140.0000,2431.0000,,,,,,,,,,,34569.0000,,,,,,3404.0000,,53110.0000,,,7909.0000,,,,,,,7972.0000,7972.0000,,,,5255.0000,5260.0000,,,-27.0000,,,455.0000,,-5331.0000,3392.0000,,,,,2966.0000,,,,,,,,26442.0000,10887.0000,,10887.0000,10962.0000,335.0000,,,,,,,,29.0000,-467.0000,,,-555.0000,,,,,,,,53.0000,,,-12591.0000,,,,,,,,9627.0000,,,,-75.0000,,,,,,6389.0000,4856.0000,,,12148.0000,8421.0000,16393.0000,,1879.0000,,13277.0000,,,,,-20946.0000,,2971.0000,,,-809.0000,,79552.0000,,,77673.0000,,3381.0000,7049.0000,,-7920.0000,7327.0000,,,,,,,,-1380.0000,2390.0000,,,,90.0000,,,,,,,,,,,,1841.0000,,,,,,,0.0000,63159.0000,,,10049.0000,,4289.0000,,,ORSTED A/S
232646,12,DKK,1,2022,2022-03-31,,,,,,-2705.0000,,1093.0000,,,,,,,,,,,,6801.0000,,,,,,-4066.0000,,24547.0000,,,2128.0000,,,,,,,2128.0000,2128.0000,,,,,150.0000,,,55.0000,,,15.0000,,1453.0000,766.0000,,,,,-3194.0000,,,,,,,,9852.0000,5701.0000,,5701.0000,5701.0000,,,,,,,,,,-217.0000,,,-498.0000,,,,,,,,-2.0000,,,-4810.0000,,,,,,,,-537.0000,,,,,,,,,,1475.0000,1178.0000,,,-37.0000,5383.0000,7511.0000,,637.0000,,6561.0000,,,,,-1862.0000,,,,,-251.0000,,34399.0000,,,33762.0000,,131.0000,1971.0000,,-1863.0000,,,,,,,,,-231.0000,860.0000,,,,-2361.0000,,,,,,,,,,,,352.0000,,,,,,,0.0000,26888.0000,,,2341.0000,,1166.0000,,,ORSTED A/S
232646,12,DKK,2,2022,2022-06-30,,,,,,-3116.0000,,539.0000,26.0000,,,,,,,,,,,13110.0000,,,,,,-3638.0000,,43836.0000,,,4432.0000,,,,,,,4432.0000,4432.0000,,,,,5566.0000,,,57.0000,,,86.0000,,3254.0000,4780.0000,,,,,2488.0000,,,,,,,,16386.0000,5970.0000,,5970.0000,5981.0000,,,,,,,,,22.0000,-254.0000,,,-2979.0000,,,,,,,,-18.0000,,,-10822.0000,,,,,,,,7092.0000,,,,-11.0000,,,,,,1761.0000,782.0000,,,2318.0000,6672.0000,11104.0000,,165.0000,,7454.0000,,,,,-1887.0000,,,,,-2359.0000,,60222.0000,,,60057.0000,,423.0000,2059.0000,,-1884.0000,,,,,,,,,-519.0000,1484.0000,,,,-7915.0000,,,,,,,,,,,,1036.0000,,,,,,,0.0000,49118.0000,,,5282.0000,,2434.0000,,,ORSTED A/S
232646,12,DKK,3,2022,2022-09-30,,,,,,-6087.0000,,2576.0000,3399.0000,,,,,,,,,,,23162.0000,,,,,,-1338.0000,,72339.0000,,,6962.0000,,,,,,,6962.0000,6962.0000,,,,,5566.0000,,,46.0000,,,-11.0000,,3186.0000,9636.0000,,,,,-3004.0000,,,,,,,,24259.0000,15325.0000,,15325.0000,15314.0000,,,,,,,,,,-6680.0000,,,-1573.0000,,,,,,,,27.0000,,,-1972.0000,,,,,,,,12016.0000,,,,11.0000,,,,,,11589.0000,9736.0000,,,-8991.0000,7413.0000,14375.0000,,,,17149.0000,,,,,-23920.0000,,,,,-4333.0000,,96598.0000,,,96598.0000,,642.0000,11241.0000,,-10942.0000,,,,,,,,,-1235.0000,1824.0000,,,,-9417.0000,,,,,,,,,,,,1899.0000,,,,,,,1458.0000,82223.0000,,,8426.0000,,3801.0000,,,ORSTED A/S
232646,12,DKK,4,2022,2022-12-31,,,,,36.0000,2351.0000,,3886.0000,3406.0000,,,,,,,,,,,33004.0000,,,,,,7561.0000,,79303.0000,,,9718.0000,,,,,,,9754.0000,9754.0000,,,,5675.0000,5781.0000,,,154.0000,,,-236.0000,,2792.0000,13785.0000,,,,,-3593.0000,,,,,,,,35114.0000,14996.0000,,14996.0000,15126.0000,368.0000,,,,,,,,23.0000,-563.0000,,,1419.0000,,,,,,,,-4.0000,-5573.0000,,-17912.0000,,,,,,,,15026.0000,,,,-130.0000,,,,,,8815.0000,6305.0000,,,11924.0000,11304.0000,21058.0000,,,,17609.0000,,,,,-24052.0000,,1945.0000,,,-4178.0000,,114417.0000,,,114417.0000,,,8687.0000,,-10885.0000,3693.0000,,,,,,,,-1263.0000,2613.0000,,,,3478.0000,,,,,,,,,,,,3032.0000,,,,,,,1729.0000,93359.0000,,,12327.0000,,11741.0000,,,ORSTED A/S
232646,12,DKK,1,2023,2023-03-31,,,,,,566.0000,,-5599.0000,,,,,,,,,,,,8792.0000,,,,,,3396.0000,,16694.0000,,,2438.0000,,,,,,,2438.0000,2438.0000,,,,,5818.0000,,,75.0000,,,102.0000,,-440.0000,7859.0000,,,,,6272.0000,,,,,,,,9890.0000,3202.0000,,3202.0000,2955.0000,,,,,,,,,,-300.0000,,,1141.0000,,,,,,,,-13.0000,-5879.0000,,-14684.0000,,,,,,,,14117.0000,,,,247.0000,,,,,,-578.0000,-1148.0000,,,10119.0000,4283.0000,6721.0000,,865.0000,,3135.0000,,,,,,,,,,3318.0000,,26584.0000,,,25719.0000,,,296.0000,,-124.0000,,,,,,,,,-795.0000,-67.0000,,,,-574.0000,,,,,,,,,,,,645.0000,,,,,,,0.0000,19863.0000,,,3169.0000,,1540.0000,,,ORSTED A/S
232646,12,DKK,2,2023,2023-06-30,,,,,,5422.0000,,-7349.0000,,,,,,,,,,,,16077.0000,,,,,,-4312.0000,,26440.0000,,,4892.0000,,,,,,,4892.0000,4892.0000,,,,,5861.0000,,,59.0000,,,176.0000,,-2939.0000,5643.0000,,,,,2629.0000,,,,,,,,15273.0000,2664.0000,,2664.0000,2409.0000,,,,,,,,,,-663.0000,,,1857.0000,,,,,,,,-3.0000,-6735.0000,,-22697.0000,,,,,,,,15142.0000,,,,255.0000,,,,,,-322.0000,-1623.0000,,,12566.0000,3995.0000,8887.0000,,1429.0000,,2372.0000,,,,,-118.0000,,699.0000,,,5913.0000,,41713.0000,,,40284.0000,,,1634.0000,,-1303.0000,,,,,,,,,-1496.0000,-292.0000,,,,5843.0000,,,,,,,,,,,,1360.0000,,,,,,,0.0000,32826.0000,,,6386.0000,,3322.0000,,,ORSTED A/S
232646,12,DKK,3,2023,2023-09-30,,,,,,2313.0000,,-7276.0000,,,,,,,,,,,,25270.0000,,,,,,-494.0000,,36774.0000,,,7429.0000,,,,,,,7429.0000,7429.0000,,,,,5861.0000,,,61.0000,,,269.0000,,-8574.0000,1316.0000,,,,,37715.0000,,,,,,,,23733.0000,-19898.0000,,-19898.0000,-20187.0000,,,,,,,,,12.0000,-875.0000,,,4274.0000,,,,,,,,-13.0000,-5392.0000,,-24441.0000,,,,,,,,16450.0000,,,,289.0000,,,,,,-24498.0000,-26474.0000,,,22362.0000,6891.0000,14320.0000,,2782.0000,,-19583.0000,,,,,-6222.0000,,699.0000,,,5863.0000,,60507.0000,,,57725.0000,,,-23091.0000,,-5053.0000,,,,,,,,,-2130.0000,315.0000,,,,5174.0000,,,,,,,,,,,,2037.0000,,,,,,,0.0000,46187.0000,,,9413.0000,,4743.0000,,,ORSTED A/S
232646,12,DKK,4,2023,2023-12-31,,,,,59.0000,3548.0000,,-5309.0000,,,,,,,,,,,,38203.0000,,,,,,-6031.0000,,46624.0000,,,9736.0000,,,,,,,9795.0000,9795.0000,,,,,6219.0000,,,-19.0000,,,-96.0000,,-8109.0000,265.0000,,,,,42119.0000,,,,,,,,36428.0000,-20182.0000,,-20182.0000,-20506.0000,1642.0000,,,,,,,,19.0000,1384.0000,,,3656.0000,,,,,,,,-13.0000,-4724.0000,,-34732.0000,,,,,,,,15292.0000,,,,324.0000,,,,,,-29223.0000,-31879.0000,,,28532.0000,12853.0000,22648.0000,,3797.0000,,-19026.0000,,,,,-8189.0000,,699.0000,,,1983.0000,,83052.0000,,,79255.0000,,,-30417.0000,,-5745.0000,,,,,,,,,-2717.0000,1156.0000,,,,3878.0000,,,,,,,,,,,,4279.0000,,,,,,,0.0000,60404.0000,,,13780.0000,,17266.0000,,,ORSTED A/S
232646,12,DKK,1,2024,2024-03-31,,,,,,-140.0000,,-328.0000,,,,,,,,,,,,8457.0000,,,,,,4744.0000,,9409.0000,,,2423.0000,,,,,,,2423.0000,2423.0000,,,,,161.0000,,,11.0000,,,84.0000,,-705.0000,9113.0000,,,,,1123.0000,,,,,,,,10787.0000,2609.0000,,2609.0000,2559.0000,,,,,,,,,,31.0000,,,-2270.0000,,,,,,,,-58.0000,,,-8061.0000,,,,,,,,6299.0000,,,,50.0000,,,,,,312.0000,-487.0000,,,3608.0000,4921.0000,7344.0000,,1028.0000,,4434.0000,,,,,,,1840.0000,,,1947.0000,,20196.0000,,,19168.0000,,454.0000,849.0000,,-111.0000,5520.0000,,,,,,,,-1676.0000,1825.0000,,,,-791.0000,,,,,,,,,,,,810.0000,,,,,,,0.0000,12852.0000,,,3443.0000,,1881.0000,,,ORSTED A/S
232646,12,DKK,2,2024,2024-06-30,,,,,,-2058.0000,,-855.0000,,,,,,,,,,,,16666.0000,,,,,,-672.0000,,17327.0000,,,5106.0000,,,,,,,5106.0000,5106.0000,,,,,161.0000,,,-5.0000,,,293.0000,,1508.0000,6172.0000,,,,,7887.0000,,,,,,,,20654.0000,931.0000,,931.0000,842.0000,,,,,,,,,,-425.0000,,,-2503.0000,,,,,,,,24.0000,-184.0000,,-16826.0000,,,,,,,,1145.0000,,,,89.0000,,,,,,-3424.0000,-4908.0000,,,9689.0000,8767.0000,13873.0000,,3790.0000,,3859.0000,,,,,,,1840.0000,,,4287.0000,,37981.0000,,,34191.0000,,,-3004.0000,,-160.0000,5520.0000,,,,,,,,-2521.0000,2928.0000,,,,-1129.0000,,,,,,,,,,,,1479.0000,,,,,,,0.0000,24108.0000,,,6781.0000,,3311.0000,,,ORSTED A/S
232646,12,DKK,3,2024,2024-09-30,,,,,,1038.0000,,-529.0000,,,,,,,,,,,,26319.0000,,,,,,532.0000,,25524.0000,,,7654.0000,,,,,,,7654.0000,7654.0000,,,,,197.0000,,,-30.0000,,,183.0000,,1544.0000,16138.0000,,,,,-1441.0000,,,,,,,,27637.0000,6100.0000,,6100.0000,5956.0000,,,,,,,,,20.0000,-632.0000,,,-3983.0000,,,,,,,,57.0000,,,-23839.0000,,,,,,,,12978.0000,,,,144.0000,,,,,,2121.0000,30.0000,,,8050.0000,9337.0000,16991.0000,,3204.0000,,9367.0000,,,,,,,3707.0000,,,3289.0000,,53161.0000,,,49957.0000,,2403.0000,3194.0000,,-266.0000,5520.0000,,,,,,,,-3180.0000,3267.0000,,,,-185.0000,,,,,,,,,,,,2061.0000,,,,,,,0.0000,36170.0000,,,10646.0000,,4897.0000,,,ORSTED A/S
232646,12,DKK,4,2024,2024-12-31,,,,,131.0000,1502.0000,,2821.0000,,,,,,,,,,,,42654.0000,,,,,,12980.0000,,35963.0000,,,10094.0000,,,,,,,10225.0000,10225.0000,,,,,687.0000,,,-31.0000,,,540.0000,,8870.0000,15843.0000,,,,,9180.0000,,,,,,,,39572.0000,16.0000,,16.0000,-206.0000,1553.0000,,,,,,,,27.0000,-474.0000,,,-6534.0000,,,,,,,,-134.0000,,,-21759.0000,,,,,,,,5847.0000,,,,222.0000,,,,,,-9027.0000,-11512.0000,,,18356.0000,14118.0000,24343.0000,,4501.0000,,2606.0000,,,,,-4471.0000,,3707.0000,,,8296.0000,,75535.0000,,,71034.0000,,16531.0000,-7890.0000,,-349.0000,5520.0000,,,,,,,,-6327.0000,2590.0000,,,,6085.0000,,,,,,,,,,,,4007.0000,,,,,,,0.0000,51192.0000,,,15229.0000,,10429.0000,,,ORSTED A/S
245628,12,EUR,4,2019,2019-12-31,,,,,14.1260,256.5490,,456.7180,,,,,,,,,,,,173.5150,,,0.0010,,,-99.8070,,2585.3060,,,83.6960,,,,,,,143.4080,97.8220,,,,,,,,-1.1400,,,-4.4680,,-1.7140,30.6180,,,,,59.2590,,,,,,,,699.2670,-72.5700,,-72.5700,-72.5700,9.3320,,,,,,,,,-64.2750,,,-635.1880,,,,,,,,1.0040,,,-163.9410,,,,,,,,-66.6870,,,,,,,,,,-27.8500,-87.8460,,,37.9830,8.1270,105.9490,,,,-79.7190,,,,,-7.4280,,,,,-92.1800,,3284.5730,,,3284.5730,,1.1420,-0.6970,,0.8370,99.0190,,,,,,,,-14.5750,-7.1490,,,,-14.1010,,,,,,,,,,,,68.1880,,,,,,,216.8190,3178.6240,,,376.4990,,361.3830,,,NORDEX SE
245628,12,EUR,1,2020,2020-03-31,,,,,3.5330,36.5240,,135.5500,,,,,,,,,,,,37.3090,,,,,,-77.5340,,827.9700,,,22.3600,,,,,,,36.8210,25.8930,,,,,,,,0.5370,,,-13.9570,,,-6.6760,,,,,28.1780,,,,,,,,136.6300,-37.9950,,-37.9950,-37.9950,1.1820,,,,,,,,,-18.8250,,,-173.7200,,,,,,,,,-0.4460,,-35.0750,,,,,,,,-6.6760,,,,,,,,,,-14.5620,-32.3620,,,-21.8260,-9.2130,16.6800,,,,-41.5750,,,,,-2.6800,,,,,-26.5770,,964.6000,,,964.6000,,,,,-1.6050,,,,,,,,,-0.1770,-3.5800,,,,-28.2230,,,,,,,,,,,,19.5190,,,,,,,30.2440,947.9200,,,89.7060,,23.7100,,,NORDEX SE
245628,12,EUR,2,2020,2020-06-30,,,,,5.6880,163.3040,,105.1280,,,,,,,,,,,,79.0910,,,,,,-175.9400,,1798.2540,,,47.4580,,,,,,,75.5780,53.1460,,,,,,,,0.4980,,,-14.8180,,,-24.0690,,,,,48.4000,,,,,,,,249.6170,-180.0250,,-180.0250,-180.0250,2.3810,,,,,,,,,-43.8420,,,-131.4630,,,,,,,,,-1.7510,,-69.0100,,,,,,,,-24.0690,,,,,,,,,,-6.7970,-46.7230,,,-68.0430,-139.6460,-86.5000,,,,-186.3690,,,,,-11.8320,,,,,-102.5780,,2047.8710,,,2047.8710,,,,,-2.1570,,,,,,,,,-0.3880,-6.3440,,,,34.3910,,,,,,,,,,,,42.8050,,,,,,,132.9460,2134.3710,,,203.1710,,52.9890,,,NORDEX SE
245628,12,EUR,3,2020,2020-09-30,,,,,7.7940,-16.3110,,154.0780,,,,,,,,,,,,108.5700,,,,,,-102.3940,,2883.5890,,,72.6690,,,,,,,114.7400,80.4630,,,,,,,,0.4950,,,-22.4290,,,298.2450,,,,,85.8900,,,,,,,,283.7900,-107.4780,,-107.4780,-107.4780,3.2270,,,,,,,,,-72.0280,,,-98.7860,,,,,,,,,-2.6820,,-97.2300,,,,,,,,298.2450,,,,,,,,,,275.3320,212.7940,,,-280.9800,-319.3480,-238.8850,,,,-106.5540,,,,,-14.0220,,,,,-339.7740,,3167.3790,,,3167.3790,,,,,-1.1560,,,,,,,,,-0.1550,0.9240,,,,-300.7930,,,,,,,,,,,,66.2600,,,,,,,208.9950,3406.2640,,,313.6800,,82.5660,,,NORDEX SE
245628,12,EUR,4,2020,2020-12-31,,,,,10.7110,19.1290,,127.0970,,,,,,,,,,,,163.8600,,,0.1560,,,268.3590,,4187.5630,,,98.6670,,,,,,,155.7940,109.3780,,,,,,,,6.0060,,,-17.2180,,,405.7960,,,,,84.5660,,,,,,,,463.1770,-129.7050,,-129.7050,-129.7050,4.4190,,,,,,,,,-100.5670,,,197.1410,,,,,,,,0.9360,,,231.8220,,,,,,,,207.2300,,,,,,,,,,359.2550,271.2460,,,-352.1970,-421.5170,-312.1390,,,,-150.2710,,,,,-385.4550,,,,,-307.7190,,4650.7400,,,4650.7400,,9.2910,365.1540,,-363.3200,198.5660,,,,,,,,-34.6130,-20.5660,,,,35.6480,,,,,,,,,,,,98.4340,,,,,,,322.8470,4962.8790,,,452.4690,,121.0830,,,NORDEX SE
245628,12,EUR,1,2021,2021-03-31,,,,,2.3750,-23.4690,,-30.6040,,,,,,,,,,,,38.5640,,,,,,-35.8500,,1054.6750,,,24.1320,,,215.0000,,,,38.4360,26.5070,,,,,,,,-0.0330,,,-0.4070,,,-45.8650,,,,,27.0030,,,,,,,,196.4850,-54.6600,,-54.6600,-54.6600,0.5610,,,,,,,,,-29.0860,,,162.8790,,,,,,,,,-0.0310,,-35.0520,,,,,,,,-260.8650,,,,,,,,,,8.8580,-18.2290,,,45.4740,-36.9230,-10.4160,,,,-55.1520,,,,,-3.5430,,,,,-42.1590,,1251.1600,,,1251.1600,,,,,0.2060,,,,,,,,,-3.0720,-0.4920,,,,66.6470,,,,,,,,,,,,27.6150,,,,,,,83.8040,1261.5760,,,123.0970,,23.5540,,,NORDEX SE
245628,12,EUR,2,2021,2021-06-30,,,,,3.2560,-82.8140,,41.9780,,,,,,,,,,,,75.3620,,,,,,-276.8570,,2250.5760,,,49.3770,,,215.0000,,,,73.9290,52.6330,,,,,,,,0.2030,,,-1.1900,,,-265.4300,,,,,55.6730,,,,,,,,445.9870,-63.7480,,-63.7480,-63.7480,1.7970,,,,,,,,,-49.9590,,,338.5420,,,,,,,,,-0.5180,,-68.1270,,,,,,,,-480.4300,,,,,,,,,,4.9270,-49.5570,,,57.8900,-10.4480,42.1850,,,,-60.0050,,,,,-7.7530,,,,,-258.1610,,2696.5630,,,2696.5630,,,4.9270,,0.5340,,,,,,,,,1.9160,3.7430,,,,39.5450,,,,,,,,,,,,56.4840,,,,,,,145.6100,2654.3780,,,258.1920,,53.2210,,,NORDEX SE
245628,12,EUR,3,2021,2021-09-30,,,,,4.1060,-118.2840,,-56.8540,,,,,,,,,,,,112.2180,,,,,,92.8590,,3335.6750,,,76.3080,,,4.5960,,,,110.3500,80.4140,,,,,,,,-0.0100,,,-3.3400,,,73.0290,,,,,0.2210,,,,,,,,620.5340,-103.6530,,-103.6530,-103.6530,3.1290,,,,,,,,,19.8370,,,347.7380,,,,,,,,,-0.8530,,-104.3340,,,,,,,,-305.0370,,,,,,,,,,-8.8640,-106.9560,,,127.5040,-0.7750,79.6390,,,,-107.7310,,,,,-8.7370,,,,,-62.5280,,3956.2090,,,3956.2090,,,5.9580,,0.9060,373.4700,,,,,,,,-10.2290,-4.0780,,,,110.0720,,,,,,,,,,,,101.2110,,,,,,,182.8210,3876.5700,,,358.0740,,77.4600,,,NORDEX SE
245628,12,EUR,4,2021,2021-12-31,,,,,8.0530,-219.5990,,-62.9630,,,,,,,,,,,,169.6550,,,,,,6.0830,,4689.0360,,,113.6800,,,215.0000,,,,159.9990,121.7330,,,,,,,,7.8110,,,-31.7260,,,62.3400,,,,,154.6600,,,,,,,,754.9140,-230.1560,,-230.1560,-230.1560,6.0220,,,,,,,,,-100.4910,,,479.7200,,,,,,,,0.9670,-0.8530,,-152.0930,,,,,,,,-523.9950,,,,,,,,,,10.6950,-98.2150,,,127.5620,-125.5220,-3.7890,,,,-223.7370,,,,,-17.4480,,,,,-45.7200,,5443.9500,,,5443.9500,,,6.1270,,0.3740,371.3350,,,,,,,,-8.2620,6.4190,,,,151.4380,,,,,,,,,,,,122.7430,,,,,,,260.4360,5447.7390,,,498.2670,,111.7230,,,NORDEX SE
245628,12,EUR,1,2022,2022-03-31,,,,,1.2180,172.7380,,34.0620,,,,,,,,,,,,47.8860,,,,,,-103.2640,,827.4880,,,32.1170,,,,,,,41.6060,33.3350,,,,,,,,,,,8.2090,,,2.0520,,,,,11.9730,,,,,,,,105.4660,-150.5160,,-150.5160,-150.5160,2.1650,,,,,,,,,-22.6600,,,-184.5430,,,,,,,,,,,-32.6190,,,,,,,,2.0520,,,,,,,,,,-30.2490,-51.3240,,,-80.9060,-100.2830,-66.9480,,,,-151.6070,,,,,-2.0040,,,,,26.0070,,932.9540,,,932.9540,,13.2630,-36.8710,,-7.0460,,,,,,,,,-2.5270,-1.0910,,,,48.2640,,,,,,,,,,,,23.2400,,,,,,,40.1100,999.9020,,,132.3040,,40.4380,,,NORDEX SE
245628,12,EUR,2,2022,2022-06-30,,,,,2.4120,380.2930,,97.3720,,,,,,,,,,,,88.8230,,,,,,-131.1290,,1905.9690,,,69.2220,,,,,,,88.1990,71.6340,,,,,,,,-0.0050,,,10.8110,,,144.8020,,,,,11.3070,,,,,,,,220.2420,-283.1780,,-283.1780,-283.1780,4.0160,,,,,,,,,-33.2110,,,-404.6180,,,,,,,,,,,-68.6930,,,,,,,,5.5840,,,,,,,,,,-35.5140,-74.0530,,,-218.0490,-225.9670,-154.3330,,,,-300.0200,,,,,-6.8330,,,,,-57.6590,,2126.2110,,,2126.2110,,13.2970,-29.5910,,-6.9550,139.2180,,,,,,,,-9.5990,-16.8420,,,,15.3880,,,,,,,,,,,,42.5500,,,,,,,89.7780,2280.5440,,,284.7970,,13.4100,,,NORDEX SE
245628,12,EUR,3,2022,2022-09-30,,,,,3.5990,168.6150,,341.7180,,,,,,,,,,,,124.6080,,,,,,-112.6810,,3476.2190,,,101.9280,,,,,,,130.5000,105.5270,,,,,,,,-0.0050,,,3.7340,,,341.5400,,,,,38.1370,,,,,,,,397.2170,-371.5600,,-371.5600,-371.5600,5.0680,,,,,,,,,-60.5520,,,-399.7160,,,,,,,,,,,-100.4670,,,,,,,,-2.5890,,,,,,,,,,-59.7920,-125.2570,,,-357.4880,-270.5410,-165.0140,,,,-395.7980,,,,,-9.3710,,,,,-186.6900,,3873.4360,,,3873.4360,,14.7700,-28.7880,,-7.7690,344.1290,,,,,,,,-10.1710,-24.2380,,,,-76.0730,,,,,,,,,,,,70.5280,,,,,,,148.5660,4038.4500,,,413.6650,,22.2880,,,NORDEX SE
245628,12,EUR,4,2022,2022-12-31,,,,,4.7600,250.8420,,486.6690,,,,,,,,,,,,205.3760,,,-0.0070,,,-150.8990,,5274.7670,,,137.0180,,,11.0000,,,,175.4180,141.7780,,,,,,,,3.5390,,,17.4740,,,345.5300,,,,,-78.7430,,,,,,,,418.7940,-497.7610,,-497.7610,-497.7610,6.0750,,,,,,,,,-101.7370,,,-380.6660,,,,,,,,0.6260,,,-163.8100,,,,,,,,-7.2750,,,,,,,,,,125.5260,33.3770,,,-350.0860,-555.7660,-413.9880,,,,-522.3890,,,,,-25.9830,,,,,-191.0400,,5693.5610,,,5693.5610,,14.9570,121.7650,,-0.0910,341.8050,,,,,,,,-12.9770,-24.6280,,,,165.8050,,,,,,,,,,,,101.7630,,,,,,,248.0040,6107.5490,,,584.7780,,34.0670,,,NORDEX SE
245628,12,EUR,1,2023,2023-03-31,,,,,,205.5060,,-237.1970,,,,,,,,,,,,24.8910,,,,,,-115.5310,,1109.1990,,,50.7880,,,275.0000,,,,50.7880,50.7880,,,,,,,,0.0030,,,-3.2010,,-0.7230,2.4890,,,,,52.8430,,,,,,,,107.9060,-214.8150,,-214.8150,-214.8150,1.4260,,,,,,,,,-35.5550,,,-46.1620,,,,,,,,,-15.1050,,-39.1960,,,,,,,,-271.7880,,,,,,,,,,0.0010,-46.9560,,,-75.6230,-165.6600,-114.8720,,,,-212.6160,,,,,-0.8000,,,,,150.3430,,1217.1050,,,1217.1050,,,,,0.0050,,,,,,,,,-1.3790,2.1990,,,,72.4900,,,,,,,,,,,,48.3860,,,,,,,75.5430,1331.9770,,,147.2350,,147.2350,,,NORDEX SE
245628,12,EUR,2,2023,2023-06-30,,,,,0.9510,214.4340,,-249.3040,,,,,,,,,,,,49.8510,,,-0.0010,,,17.4330,,2477.9290,,,81.7050,,,,,,,92.5870,82.6560,,,,,,,,-0.0850,,,-8.5610,,-0.7230,307.6080,,,,,101.4290,,,,,,,,275.2530,-298.8800,,-298.8800,-298.8800,3.1770,,,,,,,,,-65.2570,,,-36.8860,,,,,,,,-0.0010,-14.7280,,-63.4000,,,,,,,,308.3310,,,,,,,,,,15.2600,-61.5880,,,-218.2130,-222.1580,-139.5020,,,,-283.7460,,,,,-1.1800,,,,,41.8550,,2753.1820,,,2753.1820,,,,,-0.0220,,,,,,,,,-18.1690,15.1340,,,,-29.9010,,,,,,,,,,,,79.9400,,,,,,,110.9500,2892.6840,,,303.8050,,6.8790,,,NORDEX SE
245628,12,EUR,3,2023,2023-09-30,,,,,,110.1500,,53.4490,,,,,,,,,,,,83.0430,,,0.0020,,,8.6430,,3866.9660,,,138.4260,,,275.0000,,,,138.4260,138.4260,,,,,,,,-0.1620,,,-7.7400,,-0.7230,299.7470,,,,,137.7300,,,,,,,,609.8630,-333.6890,,-333.6890,-333.6890,7.2260,,,,,,,,,-81.9360,,,-141.7870,,,,,,,,-0.0010,-15.0250,,-94.4920,,,,,,,,25.4700,,,,,,,,,,-0.0010,-98.2970,,,-188.8740,-204.9880,-66.5620,,,,-303.2850,,,,,-3.5770,,,,,-48.4610,,4476.8290,,,4476.8290,,,,,-0.0230,,,,,,,,,-22.7330,30.4040,,,,-26.6490,,,,,,,,,,,,105.3600,,,,,,,216.5040,4543.3910,,,459.9210,,459.9210,,,NORDEX SE
245628,12,EUR,4,2023,2023-12-31,,,,,3.7470,397.9470,,150.0040,,,,,,,,,,,,132.8820,,,,,,292.3820,,5580.6520,,,146.6850,,,275.0000,,,,188.4990,150.4320,,,,,,,,-0.3560,,,-13.2960,,-0.7230,285.6580,,,,,131.1070,,,,,,,,908.4160,-302.8110,,-302.8110,-302.8310,11.4300,,,,,,,,,-114.3620,,,-162.5380,,,,,,,,1.8960,-18.8590,,-141.1790,,,,,,,,11.3810,,,,0.0200,,,,,,-6.1870,-130.3620,,,161.1990,-180.2880,-29.8560,,,,-310.6500,,,,,-8.6660,,,,,-87.3570,,6489.0680,,,6489.0680,,,3.9750,,-0.0400,,,,,,,,,-39.2500,-7.8390,,,,298.0560,,,,,,,,,,,,135.2490,,,,,,,281.2050,6518.9240,,,657.0670,,38.7770,,,NORDEX SE
245628,12,EUR,1,2024,2024-03-31,,,,,,-37.7510,,-251.3400,,,,,,,,,,,,34.1110,,,,,,-264.7860,,1265.2260,,,45.2130,,,,,,,45.2130,45.2130,,,,,,,,-0.3490,,,-2.7210,,,-8.3890,,,,,23.2940,,,,,,,,308.9740,-13.0820,,-13.0820,-13.0380,4.0130,,,,,,,,,-18.2310,,,151.2540,,,,,,,,,-17.3490,,-51.1900,,,,,,,,-8.3890,,,,-0.0440,,,,,,,-23.2660,,,-202.4860,6.9130,52.1260,,,,-16.3530,,,,,-0.2700,,,,,-98.0160,,1574.2000,,,1574.2000,,,,,-0.2370,,,,,,,,,-3.5900,-3.2710,,,,-235.8530,,,,,,,,,,,,26.9300,,,,,,,89.4880,1522.0740,,,167.3600,,167.3600,,,NORDEX SE
245628,12,EUR,2,2024,2024-06-30,,,,,2.1090,-194.1400,,40.3010,,,,,,,,,,,,70.2450,,,,,,-178.6950,,2805.2020,,,68.7760,,,,,,,88.8190,70.8850,,,,,,,,-0.3440,,,-2.1500,,1.5000,-16.9120,,,,,45.2280,,,,,,,,629.2710,-12.6240,,-12.6240,-12.5180,8.1100,,,,,,,,,-42.8060,,,243.4000,,,,,,,,,-17.5960,,-87.4950,,,,,,,,-18.4120,,,,-0.1060,,,,,,-23.8610,-68.7850,,,-72.1380,53.0050,123.8900,,,,-15.7800,,,,,-0.3460,,,,,-220.8060,,3434.4730,,,3434.4730,,,,,-0.2050,,,,,,,,,-19.3050,-3.1560,,,,-131.2450,,,,,,,,,,,,52.6900,,,,,,,152.5010,3310.5830,,,352.8800,,16.3370,,,NORDEX SE
245628,12,EUR,3,2024,2024-09-30,,,,,,-133.0260,,-15.2810,,,,,,,,,,,,110.1430,,,-0.0010,,,-43.6340,,4075.4470,,,134.2860,,,,,,,134.2860,134.2860,,,,,,,,-0.3290,,,-10.7400,,1.5010,-32.5010,,,,,76.7150,,,,,,,,1029.7720,-8.7320,,-8.7320,-8.5530,14.9890,,,,,,,,,-62.6740,,,163.7210,,,,,,,,5.9280,-13.6720,,-112.1750,,,,,,,,-34.0020,,,,-0.1790,,,,,,-0.0010,-66.1090,,,111.7830,55.1930,189.4790,,,,-10.9160,,,,,-5.7120,,,,,-13.7610,,5105.2190,,,5105.2190,,,,,-1.3440,,,,,,,,,-28.1210,-2.1840,,,,1.6530,,,,,,,,,,,,80.7680,,,,,,,326.4150,4915.7400,,,513.8780,,513.8780,,,NORDEX SE
245628,12,EUR,4,2024,2024-12-31,,,,,4.7370,7.4480,,-12.2540,,,,,,,,,,,,164.1900,,,,,,225.5150,,5839.1210,,,140.9880,,,,,,,180.9970,145.7250,,,,,,,,-0.4240,,,-7.2720,,4.5010,-37.8830,,,,,117.5970,,,,,,,,1459.7040,8.7810,,8.7810,8.8360,17.3880,,,,,,,,,-89.2840,,,356.3230,,,,,,,,11.5640,-13.6500,,-159.0830,,,,,,,,-42.3840,,,,-0.0550,,,,,,-63.2410,-157.0850,,,429.7530,178.6050,324.3300,,,,21.5200,,,,,-7.1930,,,,,-102.2220,,7298.8250,,,7298.8250,,,-21.9130,,13.3530,,,,,,,,,-50.9860,12.7390,,,,249.2950,,,,,,,,,,,,110.8080,,,,,,,376.4890,6974.4950,,,758.8850,,33.2160,,,NORDEX SE
318456,12,NOK,4,2019,2019-12-31,,,,,,501.0000,,,,,,,,,,,,,,6502.0000,,,-1.0000,,,-479.0000,,,,,479.0000,,,,,,,479.0000,479.0000,,,,131.0000,108.0000,28.0000,,-28.0000,,,-131.0000,,93.0000,4232.0000,,,,,758.0000,,,,,,,,1811.0000,155.0000,,155.0000,-39.0000,66.0000,,,,,,-722.0000,,76.0000,,,,,,,,,,,,1.0000,-14.0000,,-6439.0000,,,,,,,,3639.0000,,,,194.0000,,,,,,-85.0000,-751.0000,,,1860.0000,935.0000,1414.0000,,1.0000,,184.0000,,,,,,,,,,,,1811.0000,,,1810.0000,,,-33.0000,,,1330.0000,,,,,,,,-61.0000,29.0000,,,,501.0000,,,,,,,,,,,,704.0000,,,,,,,177.0000,397.0000,,,220.0000,,163.0000,,,SCATEC ASA
318456,12,NOK,1,2020,2020-03-31,,,,,,285.0000,,,,,,,,,,,,,,730.0000,,,-1.0000,,,234.0000,,,,,164.0000,,,,,,,164.0000,164.0000,,,,,,5.0000,,-5.0000,,,16.0000,,-4.0000,213.0000,,,,,39.0000,,,,,,,,630.0000,299.0000,,299.0000,235.0000,11.0000,,,,,,-108.0000,,12.0000,,,,,,,,,,,,0.0000,-5.0000,,-723.0000,,,,,,,,299.0000,,,,64.0000,,,,,,298.0000,67.0000,,,729.0000,343.0000,507.0000,,,,410.0000,,,,,,,,,,,,630.0000,,,630.0000,,,-11.0000,,,26.0000,,,,,,,,-63.0000,111.0000,,,,285.0000,,,,,,,,,,,,237.0000,,,,,,,69.0000,123.0000,,,54.0000,,54.0000,,,SCATEC ASA
318456,12,NOK,2,2020,2020-06-30,,,,,,12.0000,,,,,,,,,,,,,,1378.0000,,,-1.0000,,,1245.0000,,,,,378.0000,,,,,,,378.0000,378.0000,,,,,,2.0000,,-2.0000,,,-8.0000,,80.0000,1612.0000,,,,,488.0000,,,,,,,,1352.0000,217.0000,,217.0000,137.0000,24.0000,,,,,,-443.0000,,28.0000,,,,,,,,,,,,-1.0000,,,-1287.0000,,,,,,,,21.0000,,,,80.0000,,,,,,132.0000,-374.0000,,,929.0000,706.0000,1084.0000,,,,332.0000,,,,,,,,,,,,1352.0000,,,1352.0000,,64.0000,,,,1954.0000,,,,,,,,-168.0000,115.0000,,,,12.0000,,,,,,,,,,,,528.0000,,,,,,,155.0000,268.0000,,,113.0000,,113.0000,,,SCATEC ASA
318456,12,NOK,3,2020,2020-09-30,,,,,,29.0000,,,,,,,,,,,,,,1518.0000,,,-1.0000,,,1177.0000,,,,,573.0000,,,,,,,573.0000,573.0000,,,,,132.0000,8.0000,,-8.0000,,,-7.0000,,74.0000,1089.0000,,,,,855.0000,,,,,,,,2083.0000,193.0000,,193.0000,80.0000,34.0000,,,,,,-591.0000,,39.0000,,,,,,,,,,,,1.0000,,,-1414.0000,,,,,,,,-216.0000,,,,113.0000,,,,,,50.0000,-713.0000,,,1510.0000,1056.0000,1629.0000,,,,343.0000,,,,,,,,,,,,2083.0000,,,2083.0000,,64.0000,,,,1954.0000,,,,,,,,-148.0000,150.0000,,,,29.0000,,,,,,,,,,,,789.0000,,,,,,,270.0000,454.0000,,,184.0000,,184.0000,,,SCATEC ASA
318456,12,NOK,4,2020,2020-12-31,,,,,2.0000,-226.0000,,,,,,,,,,,,,,1774.0000,,,,,,4964.0000,,,,,766.0000,,,,,,,768.0000,768.0000,,,,173.0000,280.0000,16.0000,,-16.0000,,,13.0000,,161.0000,4984.0000,,,,,1669.0000,,,,,,,,2771.0000,-368.0000,,-368.0000,-478.0000,48.0000,,,,,,-912.0000,,57.0000,,,,,,,,,,,,1.0000,,,-1704.0000,,,,,,,,-561.0000,,,,110.0000,,,,,,-458.0000,-1557.0000,,,1671.0000,1319.0000,2087.0000,,,,-238.0000,,,,,,,,,,,,2771.0000,,,2771.0000,,12.0000,-11.0000,,26.0000,6576.0000,,,,,,,,-214.0000,130.0000,,,,-226.0000,,,,,,,,,,,,1131.0000,,,,,,,280.0000,684.0000,,,404.0000,,262.0000,,,SCATEC ASA
318456,12,NOK,1,2021,2021-03-31,,,,,,-242.0000,,,7560.0000,,,,,,,,,,,149.0000,,,,,,-3005.0000,,,,,187.0000,,,,,,,187.0000,187.0000,,,,,,-138.0000,,138.0000,,,-6.0000,,-122.0000,4386.0000,,,,,405.0000,,,,,,,,693.0000,42.0000,,42.0000,18.0000,12.0000,,,,,,-187.0000,,22.0000,,,,,,,,,,,,0.0000,,,-7624.0000,,,,,,,,4653.0000,,,,24.0000,,,,,,-18.0000,-205.0000,,,239.0000,306.0000,493.0000,,,,101.0000,,,,,,,,,,,,693.0000,,,693.0000,,63.0000,,,,42.0000,,,,,,,,-15.0000,59.0000,,,,-242.0000,,,,,,,,,,,,337.0000,,,,,,,118.0000,200.0000,,,82.0000,,82.0000,,,SCATEC ASA
318456,12,NOK,2,2021,2021-06-30,,,,,,38.0000,,,7560.0000,,,,,,,,,,,771.0000,,,-1.0000,,,-3597.0000,,,,,387.0000,,,,,,,387.0000,387.0000,,,,,244.0000,-276.0000,,276.0000,,,-14.0000,,-97.0000,3498.0000,,,,,764.0000,,,,,,,,1429.0000,152.0000,,152.0000,111.0000,26.0000,,,,,,-558.0000,,31.0000,,,,,,,,,,,,0.0000,,,-8086.0000,,,,,,,,4355.0000,,,,41.0000,,,,,,-15.0000,-346.0000,,,1006.0000,638.0000,1025.0000,,,,292.0000,,,,,,,,,,,,1429.0000,,,1429.0000,,214.0000,,,,42.0000,,,,,,,,-59.0000,140.0000,,,,38.0000,,,,,,,,,,,,633.0000,,,,,,,222.0000,404.0000,,,182.0000,,182.0000,,,SCATEC ASA
318456,12,NOK,3,2021,2021-09-30,,,,,,-2.0000,,,7560.0000,,,,,,,,,,,957.0000,,,-1.0000,,,-3456.0000,,,,,649.0000,,,,,,,649.0000,649.0000,,,,,215.0000,-488.0000,,488.0000,,,-19.0000,,-169.0000,3140.0000,,,,,1164.0000,,,,,,,,2277.0000,321.0000,,321.0000,242.0000,39.0000,,,,,,-788.0000,,32.0000,,,,,,,,,,,,0.0000,,,-8039.0000,,,,,,,,4270.0000,,,,79.0000,,,,,,7.0000,-470.0000,,,1463.0000,992.0000,1641.0000,,2.0000,,522.0000,,,,,,,,,,,,2277.0000,,,2275.0000,,446.0000,-6.0000,,,42.0000,,,,,,,,-181.0000,201.0000,,,,-2.0000,,,,,,,,,,,,1004.0000,,,,,,,356.0000,636.0000,,,280.0000,,280.0000,,,SCATEC ASA
318456,12,NOK,4,2021,2021-12-31,,,,,11.0000,158.0000,,,7848.0000,,,,,,,,,,,967.0000,,,-1.0000,,,-3617.0000,,,,,836.0000,,,,,,,847.0000,847.0000,,,,404.0000,173.0000,-765.0000,,765.0000,,,-20.0000,,-228.0000,2413.0000,,,,,1601.0000,,,,,,,,3038.0000,456.0000,,456.0000,388.0000,43.0000,,,,,,-1195.0000,,47.0000,,,,,,,,,,,,-1.0000,,,-8081.0000,,,,,,,,3967.0000,,,,68.0000,,,,,,-68.0000,-563.0000,,,2072.0000,1322.0000,2169.0000,,,,759.0000,,,,,,,,,,,,3038.0000,,,3038.0000,,688.0000,-76.0000,,9.0000,42.0000,,,,,,,,-234.0000,303.0000,,,,158.0000,,,,,,,,,,,,1303.0000,,,,,,,290.0000,869.0000,,,579.0000,,397.0000,,,SCATEC ASA
318456,12,NOK,1,2022,2022-03-31,,,,,,39.0000,,,,,,,,,,,,,,170.0000,,,,,,15.0000,,,,,217.0000,,,,,,,217.0000,217.0000,,,,,,-35.0000,,35.0000,,,-13.0000,,-390.0000,-360.0000,,,,,1282.0000,,,,,,,,724.0000,-1062.0000,,-1062.0000,-1133.0000,16.0000,,,,,,-228.0000,,16.0000,,,,,,,,,,,,1.0000,,,-53.0000,,,,,,,,258.0000,,,,71.0000,,,,,,-935.0000,-1194.0000,,,441.0000,182.0000,399.0000,,,,-1012.0000,,,,,,,,,,,,724.0000,,,724.0000,,100.0000,-932.0000,,,,,,,,,,,,50.0000,,,,39.0000,,,,,,,,,,,,310.0000,,,,,,,208.0000,325.0000,,,117.0000,,117.0000,,,SCATEC ASA
318456,12,NOK,2,2022,2022-06-30,,,,,,-61.0000,,,,,,,,,,,,,,378.0000,,,,,,-387.0000,,,,,429.0000,,,,,,,429.0000,429.0000,,,,,404.0000,-150.0000,,150.0000,,,401.0000,,-394.0000,-1345.0000,,,,,1682.0000,,,,,,,,1445.0000,-1130.0000,,-1130.0000,-1230.0000,39.0000,,,,,,-601.0000,,39.0000,,,,,,,,,,,,-1.0000,,,-170.0000,,,,,,,,54.0000,,,,100.0000,,,,,,-930.0000,-1457.0000,,,727.0000,402.0000,831.0000,,,,-1055.0000,,,,,,,,,,,,1445.0000,,,1445.0000,,170.0000,-932.0000,,,,,,,,,,,-43.0000,75.0000,,,,-61.0000,,,,,,,,,,,,716.0000,,,,,,,358.0000,614.0000,,,256.0000,,256.0000,,,SCATEC ASA
318456,12,NOK,3,2022,2022-09-30,,,,,,-183.0000,,,,,,,,,,,,,,1009.0000,,,,,,1322.0000,,,,,670.0000,,,,,,,670.0000,670.0000,,,,,884.0000,-529.0000,,529.0000,,,782.0000,,9.0000,222.0000,,,,,2010.0000,,,,,,,,2229.0000,-795.0000,,-795.0000,-975.0000,202.0000,,,,,,-844.0000,,70.0000,,,,,,,,,,,,0.0000,,,-800.0000,,,,,,,,1941.0000,,,,180.0000,,,,,,-956.0000,-1346.0000,,,1118.0000,668.0000,1338.0000,,,,-678.0000,,,,,,,,,,,,2229.0000,,,2229.0000,,139.0000,-932.0000,,,,,,,,,,,-55.0000,117.0000,,,,-183.0000,,,,,,,,,,,,1121.0000,,,,,,,500.0000,891.0000,,,391.0000,,391.0000,,,SCATEC ASA
318456,12,NOK,4,2022,2022-12-31,,,,,26.0000,-45.0000,,,,,,,,,,,,,,2867.0000,,,,,,-40.0000,,,,,860.0000,,,,,,,886.0000,886.0000,,,,308.0000,403.0000,-749.0000,,749.0000,,,389.0000,,-515.0000,221.0000,,,,,2898.0000,,,,,,,,3002.0000,-1228.0000,,-1228.0000,-1334.0000,92.0000,,,,,,-1128.0000,,784.0000,,,,,,,,,,,,0.0000,-204.0000,,-2287.0000,,,,,,,,2267.0000,,,,106.0000,,,,,,-1433.0000,-2016.0000,,,1637.0000,920.0000,1806.0000,,,,-1096.0000,,,,,,,,,,,,3002.0000,,,3002.0000,,,-946.0000,,45.0000,,,,,,,,,-170.0000,132.0000,,,,-45.0000,,,,,,,,,,,,1424.0000,,,,,,,458.0000,1196.0000,,,738.0000,,528.0000,,,SCATEC ASA
318456,12,NOK,1,2023,2023-03-31,,,,,,-58.0000,,-98.0000,,,,,,,,,,,,1172.0000,,,-96.0000,,,-476.0000,,,,,276.0000,,,,,,,276.0000,276.0000,,,,,,-78.0000,,78.0000,,,193.0000,,-102.0000,418.0000,,,,,463.0000,,,,,,,,841.0000,-98.0000,,-98.0000,-163.0000,149.0000,,,,,,-416.0000,,34.0000,,,,,,,,,,,,0.0000,-204.0000,,-1342.0000,,,,,,,,936.0000,,,,65.0000,,,,,,-34.0000,-273.0000,,,351.0000,275.0000,551.0000,,,,2.0000,,,,,,,,,,-50.0000,,841.0000,,,841.0000,,,,,,,,,,,,,,-6.0000,100.0000,,,,-206.0000,,,,,,,,,,,,466.0000,,,,,,,141.0000,290.0000,,,149.0000,,149.0000,,,SCATEC ASA
318456,12,NOK,2,2023,2023-06-30,,,,,,-383.0000,,73.0000,,,,,,,,,,,,2542.0000,,,-143.0000,,,-106.0000,,,,,494.0000,,,,,,,494.0000,494.0000,,,,,308.0000,283.0000,,-283.0000,,,239.0000,,47.0000,1439.0000,,,,,735.0000,,,,,,,,1689.0000,304.0000,,304.0000,139.0000,98.0000,,,,,,-1009.0000,,74.0000,,,,,,,,,,,,0.0000,-184.0000,,-2213.0000,,,,,,,,2709.0000,,,,165.0000,,,,,,998.0000,-131.0000,,,572.0000,578.0000,1072.0000,,,,447.0000,,,,,-439.0000,,,,,-110.0000,,1689.0000,,,1689.0000,,,744.0000,,-689.0000,,,,,,,,,-135.0000,143.0000,,,,-420.0000,,,,,,,,,,,,944.0000,,,,,,,286.0000,617.0000,,,331.0000,,331.0000,,,SCATEC ASA
318456,12,NOK,3,2023,2023-09-30,,,,,,520.0000,,-114.0000,,,,,,,,,,,,4224.0000,,,-122.0000,,,76.0000,,,,,696.0000,,,,,,,696.0000,696.0000,,,,,429.0000,140.0000,,-140.0000,,,206.0000,,335.0000,2100.0000,,,,,1125.0000,,,,,,,,2493.0000,398.0000,,398.0000,183.0000,371.0000,,,,,,-1546.0000,,117.0000,,,,,,,,,,,,0.0000,-241.0000,,-3909.0000,,,,,,,,3740.0000,,,,215.0000,,,,,,813.0000,-382.0000,,,1801.0000,919.0000,1615.0000,,,,537.0000,,,,,-439.0000,,,,,-123.0000,,2493.0000,,,2493.0000,,,744.0000,,-689.0000,,,,,,,,,-152.0000,139.0000,,,,283.0000,,,,,,,,,,,,1426.0000,,,,,,,429.0000,878.0000,,,449.0000,,449.0000,,,SCATEC ASA
318456,12,NOK,4,2023,2023-12-31,,,,,24.0000,132.0000,,,,,,,,,,,,,,7145.0000,,,-12.0000,,,-1031.0000,,,,,854.0000,,,,,,,878.0000,878.0000,,,,,308.0000,-46.0000,,46.0000,,,78.0000,,789.0000,3294.0000,,,,,1567.0000,,,,,,,,3399.0000,1122.0000,,1122.0000,628.0000,162.0000,,,,,,-1989.0000,,627.0000,,,,,,,,,,,,0.0000,-447.0000,,-6575.0000,,,,,,,,4802.0000,,,,494.0000,,,,,,1160.0000,-359.0000,,,2184.0000,1367.0000,2245.0000,,,,1008.0000,,,,,-390.0000,,,,,,,3399.0000,,,3399.0000,,,1212.0000,,-1208.0000,,,,,,,,,-261.0000,-114.0000,,,,132.0000,,,,,,,,,,,,1727.0000,,,,,,,374.0000,1154.0000,,,780.0000,,570.0000,,,SCATEC ASA
318456,12,NOK,1,2024,2024-03-31,,,,,,1.0000,,97.0000,,,,,,,,,,,,708.0000,,,-15.0000,,,151.0000,,,,,292.0000,,,,,,,292.0000,292.0000,,,,,73.0000,-62.0000,,62.0000,,,151.0000,,110.0000,-200.0000,,,,,750.0000,,,,,,,,1219.0000,-26.0000,,-26.0000,-115.0000,47.0000,,,,,,-304.0000,,47.0000,,,,,,,,,,,,0.0000,,,-640.0000,,,,,,,,67.0000,,,,89.0000,,,,,,-124.0000,-700.0000,,,855.0000,662.0000,954.0000,,,,-38.0000,,,,,,,,,,-206.0000,,1219.0000,,,1219.0000,,21.0000,-81.0000,,,,,,,,,,,9.0000,-12.0000,,,,-108.0000,,,,,,,,,,,,685.0000,,,,,,,150.0000,265.0000,,,115.0000,,115.0000,,,SCATEC ASA
318456,12,NOK,2,2024,2024-06-30,,,,,,-279.0000,,172.0000,,,,,,,,,,,,1108.0000,,,-78.0000,,,-388.0000,,,,,588.0000,,,,,,,588.0000,588.0000,,,,,219.0000,-143.0000,,143.0000,,,112.0000,,78.0000,-1193.0000,,,,,1417.0000,,,,,,,,2311.0000,-59.0000,,-59.0000,-170.0000,84.0000,,,,,,-1104.0000,,84.0000,,,,,,,,,,,,1.0000,,,-639.0000,,,,,,,,52.0000,,,,111.0000,,,,,,-165.0000,-1308.0000,,,1410.0000,1215.0000,1803.0000,,,,-93.0000,,,,,,,,,,-193.0000,,2311.0000,,,2311.0000,,384.0000,-81.0000,,,,,,,,,,,-93.0000,-34.0000,,,,-300.0000,,,,,,,,,,,,1370.0000,,,,,,,274.0000,508.0000,,,234.0000,,234.0000,,,SCATEC ASA
318456,12,NOK,3,2024,2024-09-30,,,,,,22.0000,,79.0000,,,,,,,,,,,,2108.0000,,,-120.0000,,,-287.0000,,,,,865.0000,,,,,,,865.0000,865.0000,,,,,302.0000,-458.0000,,458.0000,,,217.0000,,286.0000,-948.0000,,,,,2153.0000,,,,,,,,3472.0000,1587.0000,,1587.0000,1450.0000,124.0000,,,,,,-1639.0000,,124.0000,,,,,,,,,,,,0.0000,,,-1647.0000,,,,,,,,707.0000,,,,137.0000,,,,,,1239.0000,-226.0000,,,2211.0000,1791.0000,2656.0000,,,,1565.0000,,,,,,,,,,-449.0000,,3472.0000,,,3472.0000,,337.0000,1357.0000,,-1489.0000,,,,,,,,,-99.0000,-22.0000,,,,-348.0000,,,,,,,,,,,,2047.0000,,,,,,,458.0000,816.0000,,,358.0000,,358.0000,,,SCATEC ASA
318456,12,NOK,4,2024,2024-12-31,,,,,,14.0000,,67.0000,,,,,,,,,,,,3268.0000,,,-33.0000,,,789.0000,,,,,1148.0000,,,,,,,1148.0000,1148.0000,,,,,,-714.0000,,714.0000,,,340.0000,,-335.0000,-1068.0000,,,,,1296.0000,,,,,,,,4368.0000,1486.0000,,1486.0000,1309.0000,185.0000,,,,,,-2360.0000,,185.0000,,,,,,,,,,,,-1.0000,,,-1578.0000,,,,,,,,1627.0000,,,,177.0000,,,,,,1171.0000,-603.0000,,,3128.0000,2067.0000,3215.0000,,,,1464.0000,,,,,-407.0000,,,,,-9.0000,,4368.0000,,,4368.0000,,1099.0000,1345.0000,,2.0000,,,,,,,,,-162.0000,-22.0000,,,,72.0000,,,,,,,,,,,,2673.0000,,,,,,,658.0000,1153.0000,,,495.0000,,495.0000,,,SCATEC ASA
328809,12,EUR,4,2019,2019-12-31,,,,,,-44.5000,,,36.5000,,,,,,,,,,,764.0000,,,0.1000,,,-43.3000,,17.9000,,,,,,,,,,83.8000,80.2000,,,,,,-0.7000,,0.7000,,,2.8000,,-2.2000,581.6000,,,,,132.0000,,,,,,,,257.5000,21.2000,,21.2000,19.3000,,,,,,,-72.0000,,0.8000,,,,,,,,,,,,-0.2000,-12.6000,,-812.3000,,,,,,,,639.0000,,,,1.9000,,,,,,-22.5000,-90.5000,,,184.5000,135.4000,215.6000,,28.0000,,44.9000,,,,,-0.2000,,3.1000,,,,,275.4000,,,247.4000,,,1.9000,,3.1000,19.9000,,,,,,,,-10.4000,23.7000,,,,-44.5000,,,,,,,,,,,,68.7000,,,,16.7000,,,0.0000,59.8000,,,41.9000,,3.8000,,,NEOEN SA
328809,12,EUR,1,2020,2020-03-31,,,,,,-19.3000,,,,,,,,,,,,,,116.9000,,,,,,64.5000,,5.4500,,,,,,,,,,25.5000,26.1500,,,,,,-0.2000,,0.2000,,,-1.3500,,-4.9000,122.6000,,,,,35.7000,,,,,,,,86.7500,10.4000,,10.4000,11.0000,,,,,,,-13.9500,,0.0500,,,,,,,,,,,,0.0500,,,-102.6000,,,,,,,,129.2500,,,,-0.6000,,,,,,-4.0000,-28.0500,,,45.8500,47.8000,73.9500,,14.6000,,19.7500,,,,,,,1.0000,,,,,92.2000,,,77.6000,,14.2000,-0.4500,,1.0500,13.2000,,,,,,,,-7.3000,9.3500,,,,-19.3000,,,,,,,,,,,,24.2500,,,,,,,0.0000,18.2500,,,12.8000,,3.3000,,,NEOEN SA
328809,12,EUR,2,2020,2020-06-30,,,,,,-38.6000,,,,,,,,,,,,,,233.8000,,,,,,129.0000,,10.9000,,,,,,,,,,51.0000,52.3000,,,,,,-0.4000,,0.4000,,,-2.7000,,-9.8000,245.2000,,,,,71.4000,,,,,,,,173.5000,20.8000,,20.8000,22.0000,,,,,,,-27.9000,,0.1000,,,,,,,,,,,,0.1000,,,-205.2000,,,,,,,,258.5000,,,,-1.2000,,,,,,-8.0000,-56.1000,,,91.7000,95.6000,147.9000,,29.2000,,39.5000,,,,,,,2.0000,,,,,184.4000,,,155.2000,,28.4000,-0.9000,,2.1000,26.4000,,,,,,,,-14.6000,18.7000,,,,-38.6000,,,,,,,,,,,,48.5000,,,,,,,0.0000,36.5000,,,25.6000,,6.6000,,,NEOEN SA
328809,12,EUR,3,2020,2020-09-30,,,,,,-24.9500,,,5.5000,,,,,,,,,,,381.7500,,,,,,21.7000,,15.3500,,,,,,,,,,81.0500,81.0500,,,,,,-0.5500,,0.5500,,,-6.1000,,-10.3000,224.6000,,,,,102.6000,,,,,,,,247.2000,12.1000,,12.1000,12.9500,,,,,,,-51.2500,,0.5000,,,,,,,,,,,,0.0500,,,-353.8000,,,,,,,,262.5000,,,,-0.8500,,,,,,-30.7000,-95.6000,,,157.0000,127.7500,208.8000,,38.0500,,32.1500,,,,,-0.0500,,3.0500,,,,,262.5500,,,224.5000,,32.8500,-9.5000,,3.1000,26.7000,,,,,,,,-16.3500,20.0500,,,,-24.9500,,,,,,,,,,,,65.4500,,,,,,,0.0000,53.7500,,,38.4000,,3.3000,,,NEOEN SA
328809,12,EUR,4,2020,2020-12-31,,,,,,-11.3000,,,11.0000,,,,,,,,,,,529.7000,,,,,,-85.6000,,19.8000,,,,,,,,,,111.1000,109.8000,,,,,,-0.7000,,0.7000,,,-9.5000,,-10.8000,204.0000,,,,,133.8000,,,,,,,,320.9000,3.4000,,3.4000,3.9000,,,,,,,-74.6000,,0.9000,,,,,,,,,,,,0.0000,,,-502.4000,,,,,,,,266.5000,,,,-0.5000,,,,,,-53.4000,-135.1000,,,222.3000,159.9000,269.7000,,46.9000,,24.8000,,,,,-0.1000,,4.1000,,,,,340.7000,,,293.8000,,37.3000,-18.1000,,4.1000,27.0000,,,,,,,,-18.1000,21.4000,,,,-11.3000,,,,,,,,,,,,82.4000,,,,,,,0.0000,71.0000,,,51.2000,,4.9000,,,NEOEN SA
328809,12,EUR,1,2021,2021-03-31,,,,,,9.3000,,,10.7000,,,,,,,,,,,190.9500,,,,,,152.0500,,5.0500,,,,,,,,,,26.0500,26.0500,,,,,,-0.2500,,0.2500,,,1.9000,,-0.0500,283.0000,,,,,32.0500,,,,,,,,77.4000,2.0500,,2.0500,2.2500,,,,,,,-17.8500,,0.3500,,,,,,,,,,,,0.0000,,,-200.9000,,,,,,,,10.0500,,,,-0.2000,,,,,,-9.9000,-29.7500,,,68.0500,35.8500,61.9000,,1.7000,,6.1000,,,,,-0.0500,,5.0500,,,,,82.4500,,,80.7500,,0.3500,-2.3000,,2.5000,295.9000,,,,,,,,-3.6500,4.0500,,,,9.3000,,,,,,,,,,,,20.1000,,,,,,,1.0500,20.5500,,,14.4500,,4.3500,,,NEOEN SA
328809,12,EUR,2,2021,2021-06-30,,,,,,18.6000,,,21.4000,,,,,,,,,,,381.9000,,,,,,304.1000,,10.1000,,,,,,,,,,52.1000,52.1000,,,,,,-0.5000,,0.5000,,,3.8000,,-0.1000,566.0000,,,,,64.1000,,,,,,,,154.8000,4.1000,,4.1000,4.5000,,,,,,,-35.7000,,0.7000,,,,,,,,,,,,0.0000,,,-401.8000,,,,,,,,20.1000,,,,-0.4000,,,,,,-19.8000,-59.5000,,,136.1000,71.7000,123.8000,,3.4000,,12.2000,,,,,-0.1000,,10.1000,,,,,164.9000,,,161.5000,,0.7000,-4.6000,,5.0000,591.8000,,,,,,,,-7.3000,8.1000,,,,18.6000,,,,,,,,,,,,40.2000,,,,,,,2.1000,41.1000,,,28.9000,,8.7000,,,NEOEN SA
328809,12,EUR,3,2021,2021-09-30,,,,,,31.4500,,,26.8000,,,,,,,,,,,568.2000,,,,,,260.8500,,16.8000,,,,,,,,,,84.8000,79.8500,,,,5.3500,,-0.4000,,0.4000,,,5.5500,,-1.3000,604.7500,,,,,95.5000,,,,,,,,254.8500,22.1500,,22.1500,22.7500,,,,,,,-58.5000,,1.3000,,,,,,,,,,,,0.0500,,,-555.5000,,,,,,,,83.7000,,,,-0.6000,,,,,,-24.3500,-97.7000,,,206.0500,130.5500,210.4000,,28.9000,,32.8500,,,,,-0.1500,,11.1000,,,,,271.6500,,,242.7500,,38.0000,-12.3000,,-18.5000,591.9500,,,,,,,,-8.9500,10.7000,,,,31.4500,,,,,,,,,,,,73.7500,,,,,,,0.0000,61.2500,,,44.4500,,18.2500,,,NEOEN SA
328809,12,EUR,4,2021,2021-12-31,,,,,,44.3000,,,32.2000,,,,,,,,,,,754.5000,,,,,,217.6000,,23.5000,,,,,,,,,,117.5000,107.6000,,,,10.7000,,-0.3000,,0.3000,,,7.3000,,-2.5000,643.5000,,,,,126.9000,,,,,,,,357.0000,40.2000,,40.2000,41.0000,,,,,,,-81.3000,,1.9000,,,,,,,,,,,,0.1000,,,-709.2000,,,,,,,,147.3000,,,,-0.8000,,,,,,-28.9000,-135.9000,,,276.0000,189.4000,297.0000,,56.5000,,53.5000,,,,,-0.2000,,12.1000,,,,,380.5000,,,324.0000,,75.3000,-20.0000,,-42.0000,592.1000,,,,,,,,-10.6000,13.3000,,,,44.3000,,,,,,,,,,,,107.3000,,,,,,,0.0000,83.5000,,,60.0000,,27.8000,,,NEOEN SA
328809,12,EUR,1,2022,2022-03-31,,,,,,1.5500,,,8.3000,,,,,,,,,,,313.9000,,,,,,-16.7500,,10.8500,,,,,,,,,,43.6000,34.9000,,,,,1.0500,-0.2000,,0.2000,,,7.8000,,-0.3000,211.1000,,,,,50.4000,,,,,,,,101.2000,-10.5500,,-10.5500,-10.5000,,,,,,,-23.1000,,,,,,,,,,,,,,,,,-319.6500,,,,,,,,235.9500,,,,-0.0500,,,,,,-19.9500,-44.9500,,,84.0000,36.4500,71.3500,,4.5500,,-8.5000,,,,,,,0.6500,,,,,112.0500,,,107.5000,,2.5500,-9.5500,,0.9000,0.2500,,,,,,,,-1.7000,2.0500,,,,1.5500,,,,,,,,,,,,25.2000,,,,,,,7.4500,40.7000,,,22.4000,,6.0500,,,NEOEN SA
328809,12,EUR,2,2022,2022-06-30,,,,,,3.1000,,,16.6000,,,,,,,,,,,627.8000,,,,,,-33.5000,,21.7000,,,,,,,,,,87.2000,69.8000,,,,,2.1000,-0.4000,,0.4000,,,15.6000,,-0.6000,422.2000,,,,,100.8000,,,,,,,,202.4000,-21.1000,,-21.1000,-21.0000,,,,,,,-46.2000,,,,,,,,,,,,,,,,,-639.3000,,,,,,,,471.9000,,,,-0.1000,,,,,,-39.9000,-89.9000,,,168.0000,72.9000,142.7000,,9.1000,,-17.0000,,,,,,,1.3000,,,,,224.1000,,,215.0000,,5.1000,-19.1000,,1.8000,0.5000,,,,,,,,-3.4000,4.1000,,,,3.1000,,,,,,,,,,,,50.4000,,,,,,,14.9000,81.4000,,,44.8000,,12.1000,,,NEOEN SA
328809,12,EUR,3,2022,2022-09-30,,,,,,42.3500,,,16.1000,,,,,,,,,,,869.5000,,,-1.9000,,,-1.6500,,29.9000,,,,,,,,,,119.1000,110.4000,,,,9.4500,2.1000,-0.4500,,0.4500,,,12.5000,,-4.0500,551.7500,,,,,154.8500,,,,,,,,349.7000,12.3000,,12.3000,12.1000,,,,,,,-77.2500,,0.6000,,,,,,,,,,,,0.0000,,,-876.5000,,,,,,,,612.5500,,,,0.2000,,,,,,-50.9500,-136.5500,,,312.5000,167.2000,277.6000,,31.7500,,30.6500,,,,,-0.5500,,1.7000,,,,,379.6000,,,347.8500,,7.9500,-25.1000,,-5.3500,24.3000,,,,,,,,-10.3000,18.3500,,,,42.3500,,,,,,,,,,,,86.0500,,,,,,,0.0000,102.0000,,,72.1000,,18.2500,,,NEOEN SA
328809,12,EUR,4,2022,2022-12-31,,,,,,81.6000,,,15.6000,,,,,,,,,,,1111.2000,,,-3.8000,,,30.2000,,38.1000,,,,,,,,,,151.0000,151.0000,,,,18.9000,2.1000,-0.5000,,0.5000,,,9.4000,,-7.5000,681.3000,,,,,208.9000,,,,,,,,511.9000,45.7000,,45.7000,45.2000,,,,,,,-108.3000,,1.2000,,,,,,,,,,,,0.0000,,,-1113.7000,,,,,,,,753.2000,,,,0.5000,,,,,,-62.0000,-183.2000,,,457.0000,261.5000,412.5000,,69.3000,,78.3000,,,,,-1.1000,,2.1000,,,,,550.0000,,,480.7000,,10.8000,-31.1000,,-12.5000,48.1000,,,,,,,,-17.2000,32.6000,,,,81.6000,,,,,,,,,,,,121.7000,,,,,,,0.0000,137.5000,,,99.4000,,24.4000,,,NEOEN SA
328809,12,EUR,1,2023,2023-03-31,,,,,,-23.0000,,,9.7000,,,,,,,,,,,234.5000,,,,,,235.5000,,14.8000,,,,,,,,,,42.4000,43.2500,,,,,1.5500,-0.1500,,0.1500,,,-0.7500,,-0.6500,395.5500,,,,,36.6000,,,,,,,,166.2000,45.3000,,45.3000,46.1000,,,,,,,-29.1000,,,,,,,,,,,,,,,-3.7500,,-246.8500,,,,,,,,56.4500,,,,-0.8000,,,,,,1.5500,-39.6500,,,87.5500,98.5000,141.7500,,47.4000,,58.8500,,,,,-1.1000,,0.8500,,,,,181.0000,,,133.6000,,,-1.6000,,-12.0500,371.2500,,,,,,,,-1.5500,13.5500,,,,-23.0000,,,,,,,,,,,,41.3500,,,,,,,0.0000,39.2500,,,24.4500,,6.6000,,,NEOEN SA
328809,12,EUR,2,2023,2023-06-30,,,,,,-46.0000,,,19.4000,,,,,,,,,,,469.0000,,,,,,471.0000,,-16.0000,,,,,,,,,,84.8000,86.5000,,,,,3.1000,-0.3000,,0.3000,,,-1.5000,,-1.3000,791.1000,,,,,73.2000,,,,,,,,378.0000,90.6000,,90.6000,92.2000,,,,,,,-58.2000,,,,,,,,,,,,,,,-7.5000,,-493.7000,,,,,,,,112.9000,,,,-1.6000,,,,,,3.1000,-79.3000,,,175.1000,197.0000,283.5000,,94.8000,,117.7000,,,,,-2.2000,,1.7000,,,,,362.0000,,,267.2000,,,-3.2000,,-24.1000,742.5000,,,,,,,,-3.1000,27.1000,,,,-46.0000,,,,,,,,,,,,82.7000,,,,,,,0.0000,78.5000,,,94.5000,,13.2000,,,NEOEN SA
328809,12,EUR,3,2023,2023-09-30,,,,,,-68.5000,,,23.9500,,,,,,,,,,,757.5000,,,,,,313.1500,,-3.5500,,,,,,,,,,129.6000,131.2500,,,,,3.1000,-0.1500,,0.1500,,,-2.8500,,-1.3500,851.9500,,,,,113.5000,,,,,,,,512.7500,119.0000,,119.0000,121.2000,,,,,,,-92.6500,,0.3500,,,,,,,,,,,,0.0000,-6.7500,,-785.8500,,,,,,,,210.8500,,,,-2.2000,,,,,,36.3500,-97.9000,,,249.9000,262.5500,393.8000,,124.5500,,164.6500,,,,,-2.0000,,4.3000,,,,,509.2000,,,384.6500,,,16.4500,,-32.1000,742.5000,,,,,,,,-11.4500,45.6500,,,,-68.5000,,,,,,,,,,,,134.4000,,,,,,,0.0000,115.4000,,,118.9500,,22.0500,,,NEOEN SA
328809,12,EUR,4,2023,2023-12-31,,,,,,-91.0000,,,28.5000,,,,,,,,,,,1046.0000,,,,,,155.3000,,54.5000,,,,,,,,,,176.0000,176.0000,,,,,3.1000,,,,,,-4.2000,,-1.4000,912.8000,,,,,152.2000,,,,,,,,657.0000,147.4000,,147.4000,150.2000,,,,,,,-127.1000,,0.7000,,,,,,,,,,,,0.0000,-6.0000,,-1078.0000,,,,,,,,308.8000,,,,-2.8000,,,,,,14.5000,-171.6000,,,324.7000,383.2000,559.2000,,209.4000,,211.6000,,,,,-1.8000,,6.9000,,,,,711.5000,,,502.1000,,,-19.0000,,-40.1000,742.5000,,,,,,,,-19.8000,64.2000,,,,-91.0000,,,,,,,,,,,,186.1000,,,,,,,0.0000,152.3000,,,97.8000,,30.9000,,,NEOEN SA
328809,12,EUR,1,2024,2024-03-31,,,,,,-6.7000,,,6.2000,,,,,,,,,,,396.6000,,,0.0500,,,-131.3500,,16.5500,,,,,,,,,,47.5000,47.5500,,,,,2.9000,0.2500,,-0.2500,,,2.9500,,3.6500,161.2500,,,,,49.7500,,,,,,,,143.9000,16.0500,,16.0500,16.3500,,,,,,,-30.3000,,0.1000,,,,,,,,,,,,0.0500,,,-399.3000,,,,,,,,191.8500,,,,-0.3000,,,,,,4.9500,-46.6000,,,103.7000,66.8500,114.4000,,41.9000,,20.2500,,,,,-0.0500,,1.3000,,,,,160.4500,,,118.5500,,3.3000,-1.3000,,1.3500,0.2500,,,,,,,,-4.5000,4.2000,,,,-6.7000,,,,,,,,,,,,51.3000,,,,,,,0.0000,46.0500,,,29.5000,,7.9000,,,NEOEN SA
328809,12,EUR,2,2024,2024-06-30,,,,,,-13.4000,,,12.4000,,,,,,,,,,,793.2000,,,0.1000,,,-262.7000,,33.1000,,,,,,,,,,95.0000,95.1000,,,,,5.8000,0.5000,,-0.5000,,,5.9000,,7.3000,322.5000,,,,,99.5000,,,,,,,,287.8000,32.1000,,32.1000,32.7000,,,,,,,-60.6000,,0.2000,,,,,,,,,,,,0.1000,,,-798.6000,,,,,,,,383.7000,,,,-0.6000,,,,,,9.9000,-93.2000,,,207.4000,133.7000,228.8000,,83.8000,,40.5000,,,,,-0.1000,,2.6000,,,,,320.9000,,,237.1000,,6.6000,-2.6000,,2.7000,0.5000,,,,,,,,-9.0000,8.4000,,,,-13.4000,,,,,,,,,,,,102.6000,,,,,,,0.0000,92.1000,,,59.0000,,15.8000,,,NEOEN SA
328809,12,EUR,3,2024,2024-09-30,,,,,,-61.2500,,,11.1500,,,,,,,,,,,1133.4000,,,0.0500,,,-253.0000,,18.9500,,,,,,,,,,153.3500,153.4000,,,,,5.8000,0.5500,,-0.5500,,,7.5000,,18.7000,585.2000,,,,,163.4000,,,,,,,,466.4500,22.9500,,22.9500,25.8500,,,,,,,-100.2500,,0.5000,,,,,,,,,,,,0.1000,,,-1118.3000,,,,,,,,674.6500,,,,-2.9000,,,,,,-20.6000,-162.0500,,,272.5500,191.9500,345.3500,,126.7500,,29.9000,,,,,-0.1500,,2.6000,,,,,485.4000,,,358.6500,,25.5000,-17.4500,,7.0500,0.5000,,,,,,,,-13.5000,6.9500,,,,-61.2500,,,,,,,,,,,,140.9000,,,,,,,0.0000,140.0500,,,121.1000,,7.9000,,,NEOEN SA
328809,12,EUR,4,2024,2024-12-31,,,,,,-109.1000,,,9.9000,,,,,,,,,,,1473.6000,,,0.0000,,,-243.3000,,4.8000,,,,,,,,,,211.7000,211.7000,,,,,5.8000,0.6000,,-0.6000,,,9.1000,,30.1000,847.9000,,,,,227.3000,,,,,,,,645.1000,13.8000,,13.8000,19.0000,,,,,,,-139.9000,,0.8000,,,,,,,,,,,,0.1000,,,-1438.0000,,,,,,,,965.6000,,,,-5.2000,,,,,,-51.1000,-230.9000,,,337.7000,250.2000,461.9000,,169.7000,,19.3000,,,,,-0.2000,,2.6000,,,,,649.9000,,,480.2000,,44.4000,-32.3000,,11.4000,0.5000,,,,,,,,-18.0000,5.5000,,,,-109.1000,,,,,,,,,,,,179.2000,,,,,,,0.0000,188.0000,,,183.2000,,4.3000,,,NEOEN SA
329260,12,EUR,4,2019,2019-12-31,,,,,,-11.6280,,,63.4740,,,,,,,,,,,4.5930,,,-0.0010,,,-10.3370,,12.8660,,,,,,,,,,124.6740,124.6740,,,,,24.2210,,,-3.0780,,,0.3740,,41.6490,32.6760,,,,,52.7720,,,,,,,,268.7810,29.3950,,29.3950,28.1150,14.5450,,,,0.4050,,-57.4880,,0.0400,,,,,,,,,,,,0.0000,-164.2730,,-232.7010,,,,,,,,-36.1480,,,,1.2800,,,,,,12.3840,-36.4920,,,189.3150,87.1440,211.8180,,7.8250,,50.6520,,,,,-0.0040,,,,,,,281.6470,,,273.8220,,,,,-0.1450,108.8840,,,,,,,5.0610,-10.8140,21.2570,,,,-11.6280,,,,,,,,,,,,60.3430,,,,,,,38.9790,69.8290,,,17.9840,,16.9970,,,ENCAVIS AG
329260,12,EUR,1,2020,2020-03-31,,,,,,,,,,,,,,,,,,,,49.5020,,,,,,-1.8920,,0.4890,,,,,,,,,,33.5120,33.5120,,,,,,,,-4.2400,,,-0.3190,,-2.9120,-2.9120,,,,,19.7310,,,,,,,,64.7220,-2.4020,,-2.4020,-2.2830,5.6470,,,,,,,,,,,,,,,,,,,,,,,-49.5020,,,,,,,,,,,,-0.1190,,,,,,5.8670,-11.9790,,,50.8410,10.2030,43.7150,,,,-1.7760,,,,,,,,,,,,65.2110,,,65.2110,,,,,,,,,,,,,,,0.6260,,,,,,,,,,,,,,,,19.2530,,,,,,,16.5320,21.4960,,,4.4750,,4.4750,,,ENCAVIS AG
329260,12,EUR,2,2020,2020-06-30,,,,,,-7.5720,,,3.8740,,,,,,,,,,,14.7470,,,0.0010,,,20.6950,,1.0320,,,,,,,,,,67.0110,67.0110,,,,,24.4130,,,-7.0120,,,-0.5180,,-11.3580,-18.8010,,,,,39.6850,,,,,,,,153.7430,18.1970,,18.1970,17.9110,5.3880,,,,0.0130,,-29.5720,,0.0060,,,,,,,,,,,,0.0000,-56.5420,,-75.1700,,,,,,,,46.5170,,,,0.2860,,,,,,15.9530,-22.7180,,,115.1830,48.0240,115.0350,,,,25.3060,,,,,,,,,,,,154.7750,,,154.7750,,,,,-2.1380,0.0250,,,,,,,,,7.1090,,,,-7.5720,,,,,,,,,,,,37.0470,,,,,,,28.5080,39.7400,,,10.2000,,10.2000,,,ENCAVIS AG
329260,12,EUR,3,2020,2020-09-30,,,,,,,,,,,,,,,,,,,,,,,,,,8.6380,,2.2180,,,,,,,,,,100.6770,100.6770,,,,,43.5210,,,-8.1140,,,-0.5110,,-80.3710,-70.8920,,,,,39.8990,,,,,,,,232.0740,26.0060,,26.0060,25.7230,13.9480,,,,,,,,,,,,,,,,,,,,-86.5410,,,-86.5410,,,,,,,,,,,,0.2830,,,,,,13.4470,-38.4100,,,166.5820,74.4210,175.0980,,,,36.0110,,,,,,,,,,,,234.2920,,,234.2920,,,,,,53.0000,,,,,,,,,10.0050,,,,,,,,,,,,,,,,57.6910,,,,,,,41.9230,59.1940,,,15.0530,,15.0530,,,ENCAVIS AG
329260,12,EUR,4,2020,2020-12-31,,,,,,-0.6020,,,3.8420,,,,,,,,,,,34.9570,,,0.0010,,,5.6710,,18.7110,,,,,,,,,,136.5800,136.5800,,,,38.7620,28.3590,,,-9.6220,,,-0.4190,,-4.8390,-112.7140,,,,,65.9360,,,,,,,,273.5890,18.3740,,18.3740,18.0470,15.0250,,,,0.0350,0.5680,-58.5950,,0.0260,,,,,,,,,,,,-0.0010,-55.3350,,-94.1440,,,,,,,,-20.9640,,,,0.3270,,,,,,7.0540,-50.0150,,,212.9470,77.3540,213.9340,,,,27.3390,,,,,,,,,,,,292.3000,,,292.3000,,,-0.5320,,-2.9470,0.0430,,,,,,,-0.5330,-3.8610,8.9650,,,,-0.6020,,,,,,,,,,,,63.0400,,,,,,,38.1840,78.3660,,,21.4710,,20.6590,,,ENCAVIS AG
329260,12,EUR,1,2021,2021-03-31,,,,,,,,,,,,,,,,,,,,,,,0.0010,,,37.1040,,0.7660,,,,,,,,,,37.3790,37.3790,,,,,,,,0.0030,,,0.3780,,12.4060,12.4060,,,,,3.0870,,,,,,,,58.1650,-0.5370,,-0.5370,-0.2060,9.4160,,,,,,,,,,,,,,,,,,,,-15.6100,,,-15.6100,,,,,,,,,,,,-0.3310,,,,,,9.9570,1.3340,,,39.9290,1.7460,39.1250,,,,3.0800,,,,,,,,,,,,58.9310,,,58.9310,,,,,,,,,,,,,,,3.6170,,,,,,,,,,,,,,,,18.0420,,,,,,,13.8690,19.8060,,,5.1710,,5.1710,,,ENCAVIS AG
329260,12,EUR,2,2021,2021-06-30,,,,,,-6.6570,,,26.6830,,,,,,,,,,,17.5950,,,,,,10.3390,,1.8700,,,,,,,,,,76.0200,76.0200,,,,,30.8230,,,-0.0540,,,0.3280,,8.6940,-55.2200,,,,,3.4780,,,,,,,,181.1400,42.8750,,42.8750,42.6910,11.5660,,,,0.0250,,-30.5540,,0.0160,,,,,,,,,,,,0.0010,,,-44.1570,,,,,,,,-2.5370,,,,0.1840,,,,,,1.4630,-20.7560,,,109.3880,64.8660,140.8860,,20.8290,,44.1100,,,,,,,,,,,,183.0100,,,162.1810,,0.1290,1.4630,,0.1420,,,,,,,,,-6.4700,1.2350,,,,-6.6570,,,,,,,,,,,,33.7310,,,,,,,30.3120,42.1240,,,9.9420,,9.9420,,,ENCAVIS AG
329260,12,EUR,3,2021,2021-09-30,,,,,,,,,,,,,,,,,,,,,,,0.0010,,,32.3710,,3.0070,,,,,,,,,,113.6010,113.6010,,,,,,,,-0.0510,,,0.3000,,-111.1050,-99.2200,,,,,15.2570,,,,,,,,256.0820,58.2150,,58.2150,57.9750,13.3400,,,,,,,,,,,,,,,,,,,,-55.7830,,,-55.7830,,,,,,,,,,,,0.2400,,,,,,23.6960,-13.4570,,,187.0730,78.7040,192.3050,,,,65.2470,,,,,,,,,,,,259.0890,,,259.0890,,,,,,11.8850,,,,,,,,,7.0320,,,,,,,,,,,,,,,,50.4420,,,,,,,49.3240,66.7840,,,14.4530,,14.4530,,,ENCAVIS AG
329260,12,EUR,4,2021,2021-12-31,,,,,,15.8840,,,56.6040,,,,,,,,,,,43.1340,,,-0.0010,,,225.5580,,19.7520,,,,,,,,,,151.4450,151.4450,,,,48.1410,35.0200,,,0.0860,,,0.5110,,-19.2390,62.5640,,,,,34.1750,,,,,,,,312.9510,82.2700,,82.2700,81.5830,6.7800,,,,0.0470,,-57.2190,,0.0350,,,,,,,,,,,,0.0000,,,-89.4570,,,,,,,,-75.9580,,,,0.6870,,,,,,41.5250,-10.2850,,,251.9410,93.4040,244.8490,,,,83.1190,,,,,,,,,,,,332.7030,,,332.7030,,10.2930,22.5230,,-5.2670,250.0000,,,,,,,-11.0080,-15.5580,0.8490,,,,15.8840,,,,,,,,,,,,58.6760,,,,,,,47.7300,87.8540,,,20.3720,,19.2180,,,ENCAVIS AG
329260,12,EUR,1,2022,2022-03-31,,,,,,,,,,,,,,,,,,,,,,,-0.0010,,,-105.0430,,1.4900,,,,,,,,,,39.9940,39.9940,,,,,,,,0.0800,,,-0.0500,,-71.7280,-71.7280,,,,,12.2910,,,,,,,,98.1490,12.4270,,12.4270,12.3540,12.4490,,,,,,,,,,,,,,,,,,,,-97.9760,,,-97.9760,,,,,,,,,,,,0.0730,,,,,,2.9380,-5.0080,,,64.7120,20.5040,60.4980,,,,15.4960,,,,,,,,,,,,99.6390,,,99.6390,,,,,,,,,,,,,,,3.0690,,,,,,,,,,,,,,,,20.4750,,,,,,,32.4270,39.1410,,,5.2240,,5.2240,,,ENCAVIS AG
329260,12,EUR,2,2022,2022-06-30,,,,,,-5.7770,,,82.2530,,,,,,,,,,,24.8430,,,0.0010,,,-128.6170,,3.5760,,,,,,,,,,81.3970,81.3970,,,,,40.4730,,,0.0410,,,-0.2890,,-3.6180,-170.4690,,,,,39.2610,,,,,,,,235.5050,49.5980,,49.5980,49.2960,21.3180,,,,0.0410,,-27.4440,,0.2370,,,,,,,,,,,,-0.0010,-11.1290,,-118.0300,,,,,,,,-98.9340,,,,0.3020,,,,,,6.5010,-11.1590,,,160.1700,82.0000,163.3970,,,,70.8410,,,,,,,,,,,,239.0810,,,239.0810,,,,,,,,,,,,,,-4.3090,21.2430,,,,-5.7770,,,,,,,,,,,,39.0190,,,,,,,61.2960,75.6840,,,10.8120,,10.8120,,,ENCAVIS AG
329260,12,EUR,3,2022,2022-09-30,,,,,,,,,,,,,,,,,,,,,,,0.0010,,,-43.7410,,5.0710,,,,,,,,,,135.2410,135.2410,,,,,,,,-0.0390,,,-0.6590,,-144.6730,-144.6730,,,,,62.7190,,,,,,,,363.7060,73.5170,,73.5170,72.9910,33.2340,,,,,,,,,,,,,,,,,,,,-169.8870,,,-169.8870,,,,,,,,,,,,0.5260,,,,,,9.2180,-18.5780,,,271.4770,125.0030,260.2440,,,,106.4250,,,,,,,,,,,,368.7770,,,368.7770,,,,,,,,,,,,,,,32.9080,,,,,,,,,,,,,,,,60.9910,,,,,,,85.0730,108.5330,,,18.3890,,18.3890,,,ENCAVIS AG
329260,12,EUR,4,2022,2022-12-31,,,,,,-11.9770,,,243.7620,,,,,,,,,,,42.1500,,,0.0010,,,-106.1480,,31.2850,,,,,,,,,,151.9900,152.6190,,,,,42.8170,,,-0.5610,,,-0.8190,,-9.8600,-134.9600,,,,,119.2630,,,,,,,,462.2560,83.5950,,83.5950,83.1780,4.5490,,,,0.4590,,-52.9270,,0.2750,,,,,,,,,,,,0.0010,-11.5700,,-297.6050,,,,,,,,-29.3560,,,,0.4170,,,,,,-44.7560,-73.5190,,,327.2350,189.9900,342.6090,,6.1990,,116.4710,,,,,-0.0600,,,,,,,493.5410,,,487.3420,,,-29.4850,,-1.8520,,,,,,,,-4.1950,-9.5890,32.8760,,,,-11.9770,,,,,,,,,,,,32.7510,,,,,,,90.0900,150.9320,,,29.5570,,27.0300,,,ENCAVIS AG
329260,12,EUR,1,2023,2023-03-31,,,,,,,,,,,,,,,,,,,,,,,,,,120.8450,,5.6710,,,,,,,,,,39.7380,39.7380,,,,,,,,-0.2500,,,0.0560,,-99.1970,110.8030,,,,,5.5170,,,,,,,,99.4710,6.5450,,6.5450,6.3410,6.9450,,,,,,,,,,,,,,,,,,,,-41.8140,,,-41.8140,,,,,,,,210.0000,,,,0.2040,,,,,,6.2530,-11.0570,,,51.8000,21.2750,61.0130,,,,10.2180,,,,,,,,,,,,105.1420,,,105.1420,,,0.7820,,,,,,,,,,,,3.6730,,,,,,,,,,,,,,,,24.0050,,,,,,,30.4100,44.1290,,,8.0480,,8.0480,,,ENCAVIS AG
329260,12,EUR,2,2023,2023-06-30,,,,,,-23.6920,,,7.4750,,,,,,,,,,,45.2300,,,-0.0010,,,98.2010,,13.6430,,,,,,,,,,79.6630,79.6630,,,,,2.3440,,,-0.5000,,,0.2670,,-1.8060,46.7390,,,,,39.8800,,,,,,,,224.7730,34.9480,,34.9480,34.5670,16.0390,,,,3.8230,,-30.2890,,0.1910,,,,,,,,,,,,-0.0010,-5.9690,,-62.2790,,,,,,,,81.1780,,,,0.3810,,,,,,8.0990,-20.8650,,,113.4750,65.7350,145.3980,,,,44.8700,,,,,-0.0280,,,,,,,238.4160,,,238.4160,,,,,0.0850,,,,,,,,,-17.4090,9.9220,,,,-23.6920,,,,,,,,,,,,44.5030,,,,,,,61.4170,93.0180,,,17.9580,,17.9580,,,ENCAVIS AG
329260,12,EUR,3,2023,2023-09-30,,,,,,0.0000,,,0.0000,,,,,,,,,,,,,,-0.0010,,,58.7410,,23.7170,,,,,,,,,,119.4670,119.4670,,,,,2.3440,,,-0.7500,,,0.1900,,-240.4440,-12.7880,,,,,5.3270,,,,,,,,344.0790,58.9090,,58.9090,58.5420,23.9830,,,,,,0.0000,,0.0000,,,,,,,,,,,,-112.3630,,,-112.3630,,,,,,,,230.0000,,,,0.3670,,,,,,14.9240,-29.2490,,,183.7030,110.9850,230.4520,,,,81.7360,,,,,0.0000,,,,,,,367.7960,,,367.7960,,,,,0.0000,,,,,,,,,0.0000,22.8270,,,,0.0000,,,,,,,,,,,,67.4060,,,,,,,87.3360,137.3440,,,26.2910,,26.2910,,,ENCAVIS AG
329260,12,EUR,4,2023,2023-12-31,,,,,,-49.1290,,,93.9640,,,,,,,,,,,89.7340,,,-0.0010,,,19.6870,,51.0150,,,,,,,,,,161.9590,164.1140,,,,,4.6880,,,-0.9270,,,0.1580,,-3.6770,-9.9630,,,,,102.4840,,,,,,,,446.2510,58.7260,,58.7260,57.9980,23.1040,,,,19.9500,3.0550,-51.0030,,1.3070,,,,,,,,,,,,-0.0010,-3.0710,,-205.3830,,,,,,,,47.0340,,,,0.7280,,,,,,-2.8790,-62.5300,,,234.8760,154.1070,318.2210,,25.1100,,91.5770,,,,,-0.0300,,,,,,,497.2660,,,472.1560,,,6.4010,,0.3450,2.3710,,,,,,,4.2690,-43.7780,32.8510,,,,-49.1290,,,,,,,,,,,,84.8830,,,,,,,91.0580,179.0450,,,36.9720,,35.2920,,,ENCAVIS AG
329260,12,EUR,1,2024,2024-03-31,,,,,,,,,,,,,,,,,,,,,,,,,,-40.2350,,6.5800,,,,,,,,,,40.3290,40.3290,,,,,,,,-0.2500,,,0.2160,,3.0610,3.0610,,,,,8.5360,,,,,,,,81.1970,-12.5330,,-12.5330,-12.5740,11.3360,,,,,,,,,,,,,,,,,,,,-79.8440,,,-79.8440,,,,,,,,,,,,0.0410,,,,,,9.7460,-7.8750,,,36.3320,0.7500,41.0790,,,,-7.1250,,,,,,,,,,,,87.7770,,,87.7770,,,,,,,,,,,,,,,5.4080,,,,,,,,,,,,,,,,28.7070,,,,,,,30.3220,46.6980,,,9.7960,,9.7960,,,ENCAVIS AG
329260,12,EUR,2,2024,2024-06-30,,,,,,-19.5850,,,48.1890,,,,,,,,,,,125.1360,,,0.0010,,,-10.4580,,16.0240,,,,,,,,,,80.9920,80.9920,,,,,2.3440,,,-0.5000,,,0.3610,,2.4330,77.4720,,,,,47.4910,,,,,,,,193.1580,0.0480,,0.0480,0.2850,19.0960,,,,8.6030,,-30.0520,,0.0800,,,,,,,,,,,,0.0000,,,-178.8440,,,,,,,,106.2790,,,,-0.2370,,,,,,14.1320,-18.1870,,,90.5520,33.1320,114.1240,,,,14.9450,,,,,-0.0030,,,,,,,209.1820,,,209.1820,,3.0010,,,-0.0970,1.1560,,,,,,,,-18.2970,14.8970,,,,-19.5850,,,,,,,,,,,,50.9150,,,,,,,56.2770,95.0580,,,22.7570,,22.7570,,,ENCAVIS AG
329260,12,EUR,3,2024,2024-09-30,,,,,,,,,,,,,,,,,,,,,,,,,,-45.1590,,21.4000,,,,,,,,,,122.3680,122.3680,,,,,,,,-0.7500,,,0.5860,,103.4440,103.4440,,,,,58.5590,,,,,,,,307.0680,-9.7010,,-9.7010,-9.5650,24.0580,,,,,,,,,,,,,,,,,,,,-320.4150,,,-320.4150,,,,,,,,,,,,-0.1360,,,,,,17.0390,-40.3990,,,171.2260,60.0800,182.4480,,,,19.6810,,,,,,,,,,,,328.4680,,,328.4680,,,,,,,,,,,,,,,29.3820,,,,,,,,,,,,,,,,80.7460,,,,,,,87.2570,146.0200,,,37.3630,,37.3630,,,ENCAVIS AG
